month,trades,net
2016-02,36,320.79999999999785
2016-03,64,1209.2000000000028
2016-04,51,42.79359130859282
2016-05,39,2609.201373291016
2016-06,28,278.3999999999999
2016-07,39,1379.198779296875
2016-08,42,257.5963378906277
2016-09,29,331.20137329101556
2016-10,40,321.99999999999704
2016-11,53,408.4006103515652
2016-12,38,936.4010681152334
2017-01,21,88.79999999999994
2017-02,19,423.19999999999993
2017-03,35,47.999999999996774
2017-04,32,-150.4000000000001
2017-05,43,720.3992370605467
2017-06,34,555.1999999999999
2017-07,22,-428.39862670898447
2017-08,37,-26.400000000000105
2017-09,24,-12.800000000000068
2017-10,39,259.20000000000215
2017-11,51,-627.1999999999979
2017-12,10,247.99999999999997
2018-01,45,395.9999999999999
2018-02,44,-516.7990844726561
2018-03,46,1068.7977111816435
2018-04,62,313.59649047852116
2018-05,53,1648.3999999999999
2018-06,54,1031.1999999999998
2018-07,62,313.6003051757871
2018-08,59,1315.1920654296932
2018-09,42,1827.603356933594
2018-10,70,1676.0000000000055
2018-11,75,1650.000000000004
2018-12,36,-179.19999999999953
2019-01,38,726.4003051757843
2019-02,42,2167.5998474121093
2019-03,36,60.7999999999999
2019-04,32,569.5999999999999
2019-05,64,-760.7999999999925
2019-06,54,-498.79908447265336
2019-07,53,-131.599999999997
2019-08,55,1444.0022888183623
2019-09,58,2032.3943542480527
2019-10,63,406.3995422363336
2019-11,46,-541.2010681152344
2019-12,33,-587.5972534179632
2020-01,46,488.8000000000027
2020-02,56,976.7986267089842
2020-03,103,2168.3987030029316
2020-04,70,1815.999999999993
2020-05,53,3528.3999999999996
2020-06,55,-586.0
2020-07,28,8.399999999998784
2020-08,46,418.799084472653
2020-09,64,2609.20244140625
2020-10,26,772.8
2020-11,39,219.20000000000272
2020-12,38,466.4022888183593
2021-01,34,555.1999999999999
2021-02,39,479.1999999999936
2021-03,54,-1608.803662109366
2021-04,19,-216.80198364257524
2021-05,64,3139.2000000000057
2021-06,59,-334.7999999999974
2021-07,34,-704.8
2021-08,70,1206.0048828125002
2021-09,60,808.0000000000027
2021-10,57,139.60000000000036
2021-11,51,2582.8
2021-12,66,3594.7990844726596
2022-01,59,1355.2000000000003
2022-02,85,2238.0000000000123
2022-03,180,4004.000000000011
2022-04,72,4191.59969482426
2022-05,117,7157.600000000019
2022-06,141,1634.800000000013
2022-07,123,5544.400000000042
2022-08,102,1665.6000000000154
2022-09,117,4387.599694824251
2022-10,56,2096.8000000000034
2022-11,64,-10.799999999993645
2022-12,77,3275.600000000013
2023-01,48,1404.4000000000033
2023-02,42,2947.6000000000117
2023-03,82,2579.6000000000345
2023-04,74,1877.200000000024
2023-05,61,900.7999999999979
2023-06,43,3420.400000000005
2023-07,62,613.5972534179803
2023-08,65,3112.0000000000105
2023-09,65,542.000000000003
2023-10,70,2056.0
2023-11,58,2812.4000000000215
2023-12,55,1704.000000000004
2024-01,27,575.6000000000059
2024-02,65,1772.000305175785
2024-03,61,1060.8030517578136
2024-04,65,1522.0030517578268
2024-05,75,3599.9954223632812
2024-06,41,-485.19359130858817
2024-07,57,-470.39999999999736
2024-08,52,535.6000000000041
2024-09,60,1848.0000000000005
2024-10,56,3606.8000000000134
2024-11,47,1891.6027465820312
2024-12,19,463.197863769534
2025-01,66,3544.80213623047
2025-02,36,990.8000000000035
2025-03,53,2458.4
2025-04,72,1561.600000000005
2025-05,44,2353.2010681152324
2025-06,69,2103.2000000000025
2025-07,49,447.201831054693
2025-08,45,-84.00000000000003
2025-09,17,-602.3999999999972
2025-10,60,2088.0021362304715
2025-11,20,-224.00198364258048
2025-12,29,-28.799999999996942
2026-01,37,-16.39923706054701
2026-02,47,-188.39954223632958
2026-03,178,7518.400000000051
2026-04,95,2686.005187988313
2026-05,70,3495.999694824266
2026-06,70,296.00305175781335
2026-07,66,-955.2018310546755
2026-08,47,1821.6000000000167
2026-09,75,2960.0000000000036
