month,pnl_net
2016-02,320.79999999999785
2016-03,-351.20000000000255
2016-04,55.59359130859596
2016-05,1953.2013732910184
2016-06,-1040.7999999999952
2016-07,-365.2012207031289
2016-08,-226.00350952147875
2016-09,2747.6013732910274
2016-10,1011.20000000001
2016-11,-1064.7993896484422
2016-12,2273.2010681152356
2017-01,1697.6000000000045
2017-02,991.1999999999933
2017-03,-3566.8
2017-04,1093.199999999998
2017-05,-463.20076293944993
2017-06,861.5999999999981
2017-07,5150.40137329104
2017-08,-1297.599999999991
2017-09,358.0000000000167
2017-10,-40.000000000010914
2017-11,-400.39999999999486
2017-12,-1582.8000000000045
2018-01,338.4000000000141
2018-02,2932.40091552734
2018-03,711.195880126957
2018-04,2158.7952697753913
2018-05,3056.399999999961
2018-06,3321.9999999999613
2018-07,2213.20030517579
2018-08,2939.9948120116987
2018-09,1547.2033569335897
2018-10,1392.799389648446
2018-11,1650.000000000004
2018-12,263.6000000000033
2019-01,1520.4003051757823
2019-02,1671.5998474121154
2019-03,225.5999999999862
2019-04,1360.8000000000002
2019-05,912.8000000000127
2019-06,-23.60518798827775
2019-07,3741.5996948242264
2019-08,4291.602136230481
2019-09,2017.9943542480526
2019-10,1154.3975585937712
2019-11,-4026.00106811523
2019-12,177.6038146972669
2020-01,2392.4000000000046
2020-02,289.19862670898164
2020-03,2710.798703002931
2020-04,2172.4001907348547
2020-05,2521.1999999999994
2020-06,-273.1999999999997
2020-07,4421.600000000017
2020-08,3102.3990844726486
2020-09,3702.802441406256
2020-10,-1642.4000000000049
2020-11,797.6022888183621
2020-12,1301.6022888183647
2021-01,781.5999999999929
2021-02,1024.7999999999959
2021-03,605.5978637695459
2021-04,903.5974060058608
2021-05,2711.998016357428
2021-06,1064.8036621093697
2021-07,1611.9999999999995
2021-08,374.404882812484
2021-09,808.0000000000027
2021-10,582.4000000000033
2021-11,2210.8000000000006
2021-12,3594.7990844726596
2022-01,1355.2000000000003
2022-02,2814.79969482424
2022-03,881.588403320336
2022-04,7936.397253418038
2022-05,5475.19694824221
2022-06,4370.401831054738
2022-07,8976.807629394612
2022-08,3108.000000000027
2022-09,4238.403356933636
2022-10,2096.8000000000034
2022-11,640.4000000000133
2022-12,4289.6000000000195
2023-01,1404.4000000000033
2023-02,2947.6000000000117
2023-03,3956.4012207031683
2023-04,2806.8033569336176
2023-05,900.7999999999979
2023-06,3420.400000000005
2023-07,1099.1972534179804
2023-08,3112.0000000000105
2023-09,1678.8003051757842
2023-10,2824.4000000000065
2023-11,2812.4000000000215
2023-12,1704.000000000004
2024-01,575.6000000000059
2024-02,1620.403051757816
2024-03,1060.8030517578136
2024-04,2113.205798339858
2024-05,1565.5954223632712
2024-06,-132.79420166015467
2024-07,3052.798779296859
2024-08,801.2000000000053
2024-09,1654.8000000000034
2024-10,4049.6000000000163
2024-11,1283.9969482421905
2024-12,2551.1963378906153
2025-01,3650.403051757814
2025-02,1428.799999999994
2025-03,3258.7969482421504
2025-04,1357.1975585937548
2025-05,2353.2010681152324
2025-06,2103.2000000000025
2025-07,4897.601220703071
2025-08,509.5999999999924
2025-09,2400.7996948242003
2025-10,-922.7995422363201
2025-11,3146.398626708982
2025-12,-301.19999999999584
2026-01,362.0007629394513
2026-02,-29.99954223632274
2026-03,804.800915527398
2026-04,6237.207629394621
2026-05,2620.80122070322
2026-06,3398.00305175785
2026-07,4009.590844726609
2026-08,4431.203662109406
2026-09,3267.998779296882
