signal_time_ny,entry_time_ny,direction,pnl_net,year,atr5,prev_session_mom
2016-03-23 09:04:00,2016-03-23 09:05:00,-1,242.8,2016,154.40002,-36.999893
2016-03-23 10:01:00,2016-03-23 10:02:00,-1,242.8,2016,154.40002,-36.999893
2016-03-23 11:39:00,2016-03-23 11:40:00,1,-507.2,2016,154.40002,-36.999893
2016-03-31 09:01:00,2016-03-31 09:02:00,-1,-807.1999999999972,2016,153.39996,-22.000122
2016-03-31 10:34:00,2016-03-31 10:35:00,-1,242.8,2016,153.39996,-22.000122
2016-03-31 11:24:00,2016-03-31 11:25:00,1,-257.2,2016,153.39996,-22.000122
2016-04-08 09:02:00,2016-04-08 09:03:00,1,242.8,2016,162.00005,-22.999954
2016-04-08 11:37:00,2016-04-08 11:38:00,-1,242.8,2016,162.00005,-22.999954
2016-04-14 09:17:00,2016-04-14 09:18:00,1,-237.20335693359374,2016,176.79993,-8.000183
2016-04-15 09:09:00,2016-04-15 09:10:00,-1,242.8,2016,170.99991,-9.000015
2016-04-15 10:52:00,2016-04-15 10:53:00,-1,-557.2030517578125,2016,170.99991,-9.000015
2016-05-02 09:26:00,2016-05-02 09:27:00,-1,242.8,2016,167.59995,9.000015
2016-05-02 09:35:00,2016-05-02 09:36:00,-1,242.8,2016,167.59995,9.000015
2016-05-02 09:44:00,2016-05-02 09:45:00,-1,242.8,2016,167.59995,9.000015
2016-05-02 11:33:00,2016-05-02 11:34:00,-1,242.8,2016,167.59995,9.000015
2016-05-02 12:00:00,2016-05-02 12:01:00,-1,-17.198321533203124,2016,167.59995,9.000015
2016-05-05 09:03:00,2016-05-05 09:04:00,-1,242.8,2016,160.79994,20.000076
2016-05-05 09:33:00,2016-05-05 09:34:00,-1,242.8,2016,160.79994,20.000076
2016-05-05 10:39:00,2016-05-05 10:40:00,-1,242.8,2016,160.79994,20.000076
2016-05-05 11:13:00,2016-05-05 11:14:00,-1,242.8,2016,160.79994,20.000076
2016-05-05 13:07:00,2016-05-05 13:08:00,-1,242.8,2016,160.79994,20.000076
2016-05-05 13:26:00,2016-05-05 13:27:00,-1,12.800457763671876,2016,160.79994,20.000076
2016-05-09 09:20:00,2016-05-09 09:21:00,-1,242.8,2016,184.19998,4.0000916
2016-05-09 11:13:00,2016-05-09 11:14:00,-1,242.8,2016,184.19998,4.0000916
2016-05-09 12:10:00,2016-05-09 12:11:00,-1,-207.2007629394531,2016,184.19998,4.0000916
2016-07-11 09:28:00,2016-07-11 09:29:00,-1,242.8,2016,194.40002,-6.9999695
2016-07-11 10:04:00,2016-07-11 10:05:00,-1,242.8,2016,194.40002,-6.9999695
2016-07-11 11:06:00,2016-07-11 11:07:00,-1,242.8,2016,194.40002,-6.9999695
2016-07-11 12:05:00,2016-07-11 12:06:00,-1,-17.198321533203124,2016,194.40002,-6.9999695
2016-07-15 09:17:00,2016-07-15 09:18:00,-1,242.8,2016,159.40002,36.00006
2016-07-15 11:07:00,2016-07-15 11:08:00,-1,-217.20289916992186,2016,159.40002,36.00006
2016-08-08 09:34:00,2016-08-08 09:35:00,1,242.8,2016,168.20007,13.999939
2016-08-08 10:52:00,2016-08-08 10:53:00,-1,-417.203662109375,2016,168.20007,13.999939
2016-08-24 09:41:00,2016-08-24 09:42:00,1,-807.1999999999972,2016,152.60002,18.00003
2016-08-24 11:21:00,2016-08-24 11:22:00,-1,-167.19984741210936,2016,152.60002,18.00003
2016-09-07 11:27:00,2016-09-07 11:28:00,1,242.8,2016,194.79996,-15.999985
2016-09-07 11:39:00,2016-09-07 11:40:00,1,-77.19969482421875,2016,194.79996,-15.999985
2016-09-16 10:06:00,2016-09-16 10:07:00,-1,-127.19893188476563,2016,158.80005,0.0
2016-11-18 09:06:00,2016-11-18 09:07:00,1,-147.1993896484375,2016,178.80005,13.000107
2016-12-20 10:30:00,2016-12-20 10:31:00,1,-297.1971008300781,2016,156.60004,-11.000061
2016-12-21 10:34:00,2016-12-21 10:35:00,-1,242.8,2016,154.00002,36.999893
2016-12-21 12:21:00,2016-12-21 12:22:00,-1,242.8,2016,154.00002,36.999893
2016-12-21 13:20:00,2016-12-21 13:21:00,-1,-87.2018310546875,2016,154.00002,36.999893
2017-05-10 10:34:00,2017-05-10 10:35:00,1,242.8,2017,176.20003,-29.000092
2017-05-10 10:50:00,2017-05-10 10:51:00,1,242.8,2017,176.20003,-29.000092
2017-05-10 11:45:00,2017-05-10 11:46:00,1,42.79923706054687,2017,176.20003,-29.000092
2017-07-13 11:17:00,2017-07-13 11:18:00,1,-197.19862670898436,2017,150.5999,-28.00026
2018-02-19 09:36:00,2018-02-19 09:37:00,-1,-467.19908447265624,2018,175.00008,22.999954
2018-03-02 09:14:00,2018-03-02 09:15:00,-1,242.8,2018,154.99992,-20.999908
2018-03-02 09:40:00,2018-03-02 09:41:00,-1,242.8,2018,154.99992,-20.999908
2018-03-02 10:30:00,2018-03-02 10:31:00,-1,-807.1999999999972,2018,154.99992,-20.999908
2018-03-02 11:40:00,2018-03-02 11:41:00,1,242.8,2018,154.99992,-20.999908
2018-03-02 13:49:00,2018-03-02 13:50:00,1,-87.2018310546875,2018,154.99992,-20.999908
2018-03-05 10:07:00,2018-03-05 10:08:00,1,242.8,2018,156.39992,11.000061
2018-03-05 10:46:00,2018-03-05 10:47:00,1,242.8,2018,156.39992,11.000061
2018-03-05 11:24:00,2018-03-05 11:25:00,1,-127.20274658203125,2018,156.39992,11.000061
2018-03-07 09:27:00,2018-03-07 09:28:00,-1,242.8,2018,160.0,-22.000122
2018-03-07 09:59:00,2018-03-07 10:00:00,-1,242.8,2018,160.0,-22.000122
2018-03-07 11:50:00,2018-03-07 11:51:00,-1,242.8,2018,160.0,-22.000122
2018-03-07 11:54:00,2018-03-07 11:55:00,-1,242.8,2018,160.0,-22.000122
2018-03-07 12:14:00,2018-03-07 12:15:00,-1,242.8,2018,160.0,-22.000122
2018-03-07 12:49:00,2018-03-07 12:50:00,-1,-357.20228881835936,2018,160.0,-22.000122
2018-03-15 09:53:00,2018-03-15 09:54:00,1,-117.2006103515625,2018,161.40015,6.0001373
2018-03-29 09:30:00,2018-03-29 09:31:00,1,242.8,2018,165.0,-2.999878
2018-03-29 11:20:00,2018-03-29 11:21:00,-1,-527.1966430664063,2018,165.0,-2.999878
2018-04-02 09:01:00,2018-04-02 09:02:00,-1,242.8,2018,155.0,22.000122
2018-04-02 09:34:00,2018-04-02 09:35:00,-1,242.8,2018,155.0,22.000122
2018-04-02 10:02:00,2018-04-02 10:03:00,-1,242.8,2018,155.0,22.000122
2018-04-02 10:47:00,2018-04-02 10:48:00,-1,242.8,2018,155.0,22.000122
2018-04-02 11:35:00,2018-04-02 11:36:00,-1,242.8,2018,155.0,22.000122
2018-04-02 13:48:00,2018-04-02 13:49:00,-1,-77.20350952148438,2018,155.0,22.000122
2018-04-05 09:21:00,2018-04-05 09:22:00,1,242.8,2018,154.19983,-2.999878
2018-04-05 09:44:00,2018-04-05 09:45:00,1,-807.1999999999972,2018,154.19983,-2.999878
2018-04-05 10:47:00,2018-04-05 10:48:00,-1,-117.2006103515625,2018,154.19983,-2.999878
2018-04-16 09:07:00,2018-04-16 09:08:00,1,-807.1999999999972,2018,180.60005,20.999908
2018-04-16 11:45:00,2018-04-16 11:46:00,1,-117.2006103515625,2018,180.60005,20.999908
2018-04-23 09:48:00,2018-04-23 09:49:00,-1,-807.1999999999972,2018,157.60025,-16.000366
2018-04-23 12:04:00,2018-04-23 12:05:00,1,242.8,2018,157.60025,-16.000366
2018-05-30 10:42:00,2018-05-30 10:43:00,1,242.8,2018,182.20016,38.00049
2018-05-30 10:45:00,2018-05-30 10:46:00,1,242.8,2018,182.20016,38.00049
2018-05-30 10:59:00,2018-05-30 11:00:00,1,242.8,2018,182.20016,38.00049
2018-07-05 10:59:00,2018-07-05 11:00:00,-1,242.8,2018,182.79984,9.999847
2018-07-05 11:00:00,2018-07-05 11:01:00,-1,242.8,2018,182.79984,9.999847
2018-07-05 11:15:00,2018-07-05 11:16:00,1,242.8,2018,182.79984,9.999847
2018-07-05 11:24:00,2018-07-05 11:25:00,1,-467.19908447265624,2018,182.79984,9.999847
2018-07-11 10:33:00,2018-07-11 10:34:00,1,-807.1999999999972,2018,157.6001,16.999817
2018-07-11 10:52:00,2018-07-11 10:53:00,-1,242.8,2018,157.6001,16.999817
2018-07-11 11:13:00,2018-07-11 11:14:00,-1,242.8,2018,157.6001,16.999817
2018-07-11 11:44:00,2018-07-11 11:45:00,-1,242.8,2018,157.6001,16.999817
2018-07-11 13:02:00,2018-07-11 13:03:00,-1,242.8,2018,157.6001,16.999817
2018-07-11 13:28:00,2018-07-11 13:29:00,-1,242.8,2018,157.6001,16.999817
2018-07-11 13:37:00,2018-07-11 13:38:00,-1,242.8,2018,157.6001,16.999817
2018-07-24 09:31:00,2018-07-24 09:32:00,1,242.8,2018,164.60007,-36.99951
2018-07-24 09:51:00,2018-07-24 09:52:00,1,242.8,2018,164.60007,-36.99951
2018-07-24 10:00:00,2018-07-24 10:01:00,1,242.8,2018,164.60007,-36.99951
2018-07-24 10:17:00,2018-07-24 10:18:00,1,-117.2006103515625,2018,164.60007,-36.99951
2018-08-06 09:27:00,2018-08-06 09:28:00,-1,242.8,2018,177.79984,-30.999756
2018-08-06 09:35:00,2018-08-06 09:36:00,-1,-807.1999999999972,2018,177.79984,-30.999756
2018-08-06 11:05:00,2018-08-06 11:06:00,1,-637.1972534179688,2018,177.79984,-30.999756
2018-08-07 09:09:00,2018-08-07 09:10:00,-1,242.8,2018,173.59985,25.0
2018-08-07 09:56:00,2018-08-07 09:57:00,1,-127.20274658203125,2018,173.59985,25.0
2018-08-14 09:35:00,2018-08-14 09:36:00,-1,242.8,2018,179.20029,-36.99951
2018-08-14 09:55:00,2018-08-14 09:56:00,-1,242.8,2018,179.20029,-36.99951
2018-08-14 11:17:00,2018-08-14 11:18:00,-1,242.8,2018,179.20029,-36.99951
2018-08-14 11:27:00,2018-08-14 11:28:00,-1,242.8,2018,179.20029,-36.99951
2018-08-14 12:12:00,2018-08-14 12:13:00,-1,-437.20030517578124,2018,179.20029,-36.99951
2018-08-20 09:39:00,2018-08-20 09:40:00,1,242.8,2018,171.59988,34.999847
2018-08-20 10:03:00,2018-08-20 10:04:00,1,-137.2048828125,2018,171.59988,34.999847
2018-09-11 09:07:00,2018-09-11 09:08:00,1,242.8,2018,155.59982,-29.000092
2018-09-11 10:10:00,2018-09-11 10:11:00,1,242.8,2018,155.59982,-29.000092
2018-09-11 10:17:00,2018-09-11 10:18:00,1,242.8,2018,155.59982,-29.000092
2018-09-11 11:17:00,2018-09-11 11:18:00,1,242.8,2018,155.59982,-29.000092
2018-09-11 12:03:00,2018-09-11 12:04:00,1,242.8,2018,155.59982,-29.000092
2018-09-17 09:05:00,2018-09-17 09:06:00,-1,242.8,2018,187.59995,19.000244
2018-09-17 10:50:00,2018-09-17 10:51:00,-1,242.8,2018,187.59995,19.000244
2018-09-17 11:00:00,2018-09-17 11:01:00,-1,242.8,2018,187.59995,19.000244
2018-09-17 12:32:00,2018-09-17 12:33:00,-1,-397.1993896484375,2018,187.59995,19.000244
2018-09-18 09:12:00,2018-09-18 09:13:00,-1,242.8,2018,187.6001,-16.000366
2018-09-18 13:33:00,2018-09-18 13:34:00,-1,-137.19725341796874,2018,187.6001,-16.000366
2018-10-09 09:06:00,2018-10-09 09:07:00,-1,242.8,2018,181.40015,-18.00003
2018-10-09 10:11:00,2018-10-09 10:12:00,-1,-807.1999999999972,2018,181.40015,-18.00003
2018-10-09 11:46:00,2018-10-09 11:47:00,1,242.8,2018,181.40015,-18.00003
2018-10-16 09:17:00,2018-10-16 09:18:00,-1,-807.1999999999972,2018,189.00009,-12.999725
2018-10-16 12:07:00,2018-10-16 12:08:00,1,-117.2006103515625,2018,189.00009,-12.999725
2018-10-23 09:01:00,2018-10-23 09:02:00,-1,242.8,2018,167.79999,-8.000183
2018-10-23 10:01:00,2018-10-23 10:02:00,-1,242.8,2018,167.79999,-8.000183
2018-10-23 11:38:00,2018-10-23 11:39:00,-1,242.8,2018,167.79999,-8.000183
2018-10-23 11:52:00,2018-10-23 11:53:00,-1,242.8,2018,167.79999,-8.000183
2018-10-23 11:58:00,2018-10-23 11:59:00,-1,242.8,2018,167.79999,-8.000183
2018-10-23 12:03:00,2018-10-23 12:04:00,-1,242.8,2018,167.79999,-8.000183
2018-10-23 12:17:00,2018-10-23 12:18:00,-1,-807.1999999999972,2018,167.79999,-8.000183
2019-01-17 10:02:00,2019-01-17 10:03:00,-1,242.8,2019,163.80005,31.99997
2019-01-17 10:08:00,2019-01-17 10:09:00,-1,242.8,2019,163.80005,31.99997
2019-01-17 11:15:00,2019-01-17 11:16:00,1,242.8,2019,163.80005,31.99997
2019-01-17 12:15:00,2019-01-17 12:16:00,1,12.800457763671876,2019,163.80005,31.99997
2019-01-18 09:06:00,2019-01-18 09:07:00,-1,242.8,2019,167.40005,-11.999893
2019-01-18 10:06:00,2019-01-18 10:07:00,1,242.8,2019,167.40005,-11.999893
2019-01-18 10:10:00,2019-01-18 10:11:00,1,242.8,2019,167.40005,-11.999893
2019-01-18 10:19:00,2019-01-18 10:20:00,1,242.8,2019,167.40005,-11.999893
2019-01-18 10:45:00,2019-01-18 10:46:00,1,-97.20015258789063,2019,167.40005,-11.999893
2019-02-01 09:10:00,2019-02-01 09:11:00,1,242.8,2019,180.39993,-25.999832
2019-02-01 09:35:00,2019-02-01 09:36:00,1,242.8,2019,180.39993,-25.999832
2019-02-01 11:06:00,2019-02-01 11:07:00,1,242.8,2019,180.39993,-25.999832
2019-02-01 13:04:00,2019-02-01 13:05:00,1,242.8,2019,180.39993,-25.999832
2019-02-01 13:14:00,2019-02-01 13:15:00,1,-167.19984741210936,2019,180.39993,-25.999832
2019-02-07 09:49:00,2019-02-07 09:50:00,-1,242.8,2019,193.59993,17.000198
2019-02-07 10:56:00,2019-02-07 10:57:00,-1,242.8,2019,193.59993,17.000198
2019-02-07 11:36:00,2019-02-07 11:37:00,-1,242.8,2019,193.59993,17.000198
2019-02-07 11:59:00,2019-02-07 12:00:00,-1,-457.2007629394531,2019,193.59993,17.000198
2019-02-11 09:07:00,2019-02-11 09:08:00,-1,242.8,2019,179.1999,11.999893
2019-02-11 09:20:00,2019-02-11 09:21:00,-1,242.8,2019,179.1999,11.999893
2019-02-11 10:02:00,2019-02-11 10:03:00,1,242.8,2019,179.1999,11.999893
2019-02-11 10:08:00,2019-02-11 10:09:00,1,242.8,2019,179.1999,11.999893
2019-02-11 13:26:00,2019-02-11 13:27:00,1,92.80228881835937,2019,179.1999,11.999893
2019-02-12 09:03:00,2019-02-12 09:04:00,1,-337.2018310546875,2019,160.99991,-20.999908
2019-05-01 09:04:00,2019-05-01 09:05:00,1,242.8,2019,154.59991,-11.000061
2019-05-01 09:17:00,2019-05-01 09:18:00,1,-807.1999999999972,2019,154.59991,-11.000061
2019-05-01 10:55:00,2019-05-01 10:56:00,-1,-457.2007629394531,2019,154.59991,-11.000061
2019-05-02 09:09:00,2019-05-02 09:10:00,-1,242.8,2019,162.39998,21.99974
2019-05-02 10:07:00,2019-05-02 10:08:00,-1,242.8,2019,162.39998,21.99974
2019-05-02 10:27:00,2019-05-02 10:28:00,-1,242.8,2019,162.39998,21.99974
2019-05-02 11:31:00,2019-05-02 11:32:00,1,242.8,2019,162.39998,21.99974
2019-05-13 09:05:00,2019-05-13 09:06:00,1,242.8,2019,168.0001,6.9999695
2019-05-13 09:08:00,2019-05-13 09:09:00,1,-807.1999999999972,2019,168.0001,6.9999695
2019-05-13 10:38:00,2019-05-13 10:39:00,-1,242.8,2019,168.0001,6.9999695
2019-05-13 11:12:00,2019-05-13 11:13:00,-1,242.8,2019,168.0001,6.9999695
2019-05-13 11:16:00,2019-05-13 11:17:00,-1,242.8,2019,168.0001,6.9999695
2019-05-13 11:48:00,2019-05-13 11:49:00,-1,242.8,2019,168.0001,6.9999695
2019-05-13 12:04:00,2019-05-13 12:05:00,-1,242.8,2019,168.0001,6.9999695
2019-05-13 12:21:00,2019-05-13 12:22:00,1,-147.1993896484375,2019,168.0001,6.9999695
2019-05-28 09:05:00,2019-05-28 09:06:00,1,242.8,2019,195.79994,30.000305
2019-05-28 09:13:00,2019-05-28 09:14:00,1,-807.1999999999972,2019,195.79994,30.000305
2019-05-28 11:05:00,2019-05-28 11:06:00,1,242.8,2019,195.79994,30.000305
2019-05-28 13:06:00,2019-05-28 13:07:00,1,82.80015258789062,2019,195.79994,30.000305
2019-06-17 10:33:00,2019-06-17 10:34:00,1,-217.19908447265624,2019,181.20003,32.9998
2019-06-20 09:02:00,2019-06-20 09:03:00,1,242.8,2019,178.6,8.000183
2019-06-20 09:58:00,2019-06-20 09:59:00,-1,-807.1999999999972,2019,178.6,8.000183
2019-06-20 10:45:00,2019-06-20 10:46:00,1,242.8,2019,178.6,8.000183
2019-06-20 10:50:00,2019-06-20 10:51:00,1,-327.20350952148436,2019,178.6,8.000183
2019-06-24 09:19:00,2019-06-24 09:20:00,-1,242.8,2019,189.19998,34.000015
2019-06-24 09:42:00,2019-06-24 09:43:00,-1,242.8,2019,189.19998,34.000015
2019-06-24 11:46:00,2019-06-24 11:47:00,1,242.8,2019,189.19998,34.000015
2019-06-25 09:35:00,2019-06-25 09:36:00,1,-327.19969482421874,2019,195.40001,2.999878
2019-06-27 10:13:00,2019-06-27 10:14:00,-1,242.8,2019,174.59999,36.999893
2019-06-27 11:21:00,2019-06-27 11:22:00,-1,-217.20289916992186,2019,174.59999,36.999893
2019-07-02 09:03:00,2019-07-02 09:04:00,1,242.8,2019,160.5999,-8.000183
2019-07-02 09:34:00,2019-07-02 09:35:00,-1,242.8,2019,160.5999,-8.000183
2019-07-02 09:42:00,2019-07-02 09:43:00,-1,242.8,2019,160.5999,-8.000183
2019-07-02 10:00:00,2019-07-02 10:01:00,-1,242.8,2019,160.5999,-8.000183
2019-07-02 10:12:00,2019-07-02 10:13:00,-1,242.8,2019,160.5999,-8.000183
2019-07-02 10:41:00,2019-07-02 10:42:00,-1,242.8,2019,160.5999,-8.000183
2019-07-02 11:03:00,2019-07-02 11:04:00,1,-57.19923706054688,2019,160.5999,-8.000183
2019-07-09 09:02:00,2019-07-09 09:03:00,-1,242.8,2019,171.39992,-20.000076
2019-07-09 09:44:00,2019-07-09 09:45:00,-1,-357.19847412109374,2019,171.39992,-20.000076
2019-07-26 09:10:00,2019-07-26 09:11:00,-1,242.8,2019,155.99998,0.99983215
2019-07-26 10:11:00,2019-07-26 10:12:00,-1,242.8,2019,155.99998,0.99983215
2019-07-26 11:33:00,2019-07-26 11:34:00,1,242.8,2019,155.99998,0.99983215
2019-07-26 11:43:00,2019-07-26 11:44:00,1,-287.2025939941406,2019,155.99998,0.99983215
2019-08-21 09:06:00,2019-08-21 09:07:00,1,242.8,2019,176.19987,-1.0002136
2019-08-21 09:59:00,2019-08-21 10:00:00,-1,242.8,2019,176.19987,-1.0002136
2019-08-21 10:36:00,2019-08-21 10:37:00,-1,242.8,2019,176.19987,-1.0002136
2019-08-21 11:48:00,2019-08-21 11:49:00,-1,242.8,2019,176.19987,-1.0002136
2019-08-21 13:05:00,2019-08-21 13:06:00,1,-97.20015258789063,2019,176.19987,-1.0002136
2019-08-22 09:47:00,2019-08-22 09:48:00,-1,242.8,2019,150.19997,-20.000076
2019-08-22 10:22:00,2019-08-22 10:23:00,-1,242.8,2019,150.19997,-20.000076
2019-08-22 10:26:00,2019-08-22 10:27:00,-1,242.8,2019,150.19997,-20.000076
2019-08-22 10:58:00,2019-08-22 10:59:00,-1,242.8,2019,150.19997,-20.000076
2019-08-22 12:06:00,2019-08-22 12:07:00,1,242.8,2019,150.19997,-20.000076
2019-08-22 13:04:00,2019-08-22 13:05:00,1,242.8,2019,150.19997,-20.000076
2019-08-29 09:37:00,2019-08-29 09:38:00,1,242.8,2019,194.19998,19.000244
2019-08-29 09:54:00,2019-08-29 09:55:00,1,242.8,2019,194.19998,19.000244
2019-08-29 13:33:00,2019-08-29 13:34:00,-1,92.80228881835937,2019,194.19998,19.000244
2019-09-03 09:01:00,2019-09-03 09:02:00,-1,242.8,2019,159.4001,-22.999954
2019-09-03 09:03:00,2019-09-03 09:04:00,-1,242.8,2019,159.4001,-22.999954
2019-09-03 09:16:00,2019-09-03 09:17:00,-1,-757.2,2019,159.4001,-22.999954
2019-09-26 09:02:00,2019-09-26 09:03:00,-1,242.8,2019,161.40015,-4.0000916
2019-09-26 11:34:00,2019-09-26 11:35:00,1,242.8,2019,161.40015,-4.0000916
2019-09-26 13:13:00,2019-09-26 13:14:00,-1,242.8,2019,161.40015,-4.0000916
2019-09-27 09:47:00,2019-09-27 09:48:00,1,242.8,2019,160.60013,-14.999771
2019-09-27 10:12:00,2019-09-27 10:13:00,1,242.8,2019,160.60013,-14.999771
2019-09-27 11:08:00,2019-09-27 11:09:00,1,-807.1999999999972,2019,160.60013,-14.999771
2019-09-27 11:41:00,2019-09-27 11:42:00,-1,242.8,2019,160.60013,-14.999771
2019-09-27 13:35:00,2019-09-27 13:36:00,-1,-147.2032043457031,2019,160.60013,-14.999771
2019-09-30 09:32:00,2019-09-30 09:33:00,-1,242.8,2019,174.60007,-32.9998
2019-09-30 13:22:00,2019-09-30 13:23:00,-1,52.79755859375,2019,174.60007,-32.9998
2019-10-08 09:54:00,2019-10-08 09:55:00,-1,-307.19923706054686,2019,174.79996,11.000061
2019-10-09 09:06:00,2019-10-09 09:07:00,1,242.8,2019,168.19992,-24.000168
2019-10-09 11:30:00,2019-10-09 11:31:00,1,-807.1999999999972,2019,168.19992,-24.000168
2019-10-09 13:08:00,2019-10-09 13:09:00,-1,242.8,2019,168.19992,-24.000168
2019-10-09 13:20:00,2019-10-09 13:21:00,-1,122.80106811523437,2019,168.19992,-24.000168
2019-10-10 09:10:00,2019-10-10 09:11:00,1,242.8,2019,151.79993,8.000183
2019-10-10 12:35:00,2019-10-10 12:36:00,-1,-67.19755859375,2019,151.79993,8.000183
2019-10-17 09:34:00,2019-10-17 09:35:00,-1,-807.1999999999972,2019,172.80014,5.000305
2019-10-17 13:48:00,2019-10-17 13:49:00,1,-57.2030517578125,2019,172.80014,5.000305
2019-10-21 09:01:00,2019-10-21 09:02:00,-1,242.8,2019,151.00014,-35.00023
2019-10-21 09:09:00,2019-10-21 09:10:00,-1,-537.2025939941407,2019,151.00014,-35.00023
2019-10-25 09:05:00,2019-10-25 09:06:00,1,242.8,2019,154.00002,16.999817
2019-10-25 13:08:00,2019-10-25 13:09:00,1,-137.20106811523436,2019,154.00002,16.999817
2019-11-11 09:46:00,2019-11-11 09:47:00,1,242.8,2019,157.39998,35.99968
2019-11-11 10:02:00,2019-11-11 10:03:00,1,42.79923706054687,2019,157.39998,35.99968
2019-11-25 09:03:00,2019-11-25 09:04:00,-1,-557.1992370605469,2019,188.2,-38.000107
2019-11-26 10:17:00,2019-11-26 10:18:00,-1,242.8,2019,176.40007,-0.99983215
2019-11-26 11:07:00,2019-11-26 11:08:00,-1,-137.20106811523436,2019,176.40007,-0.99983215
2019-12-04 09:01:00,2019-12-04 09:02:00,1,242.8,2019,155.80002,36.00006
2019-12-04 09:13:00,2019-12-04 09:14:00,1,242.8,2019,155.80002,36.00006
2019-12-04 10:01:00,2019-12-04 10:02:00,1,242.8,2019,155.80002,36.00006
2019-12-04 11:25:00,2019-12-04 11:26:00,-1,-517.1983215332032,2019,155.80002,36.00006
2019-12-06 09:27:00,2019-12-06 09:28:00,-1,-807.1999999999972,2019,187.20001,-2.999878
2019-12-06 09:42:00,2019-12-06 09:43:00,1,242.8,2019,187.20001,-2.999878
2019-12-06 09:48:00,2019-12-06 09:49:00,1,242.8,2019,187.20001,-2.999878
2019-12-06 09:50:00,2019-12-06 09:51:00,1,242.8,2019,187.20001,-2.999878
2019-12-06 10:27:00,2019-12-06 10:28:00,-1,242.8,2019,187.20001,-2.999878
2019-12-06 10:42:00,2019-12-06 10:43:00,-1,-317.19755859375,2019,187.20001,-2.999878
2019-12-10 09:10:00,2019-12-10 09:11:00,1,242.8,2019,160.40001,-20.000076
2019-12-10 11:10:00,2019-12-10 11:11:00,1,-127.19893188476563,2019,160.40001,-20.000076
2019-12-11 09:09:00,2019-12-11 09:10:00,1,-807.1999999999972,2019,150.20004,19.000244
2019-12-11 10:42:00,2019-12-11 10:43:00,-1,-317.2013732910156,2019,150.20004,19.000244
2020-01-08 09:02:00,2020-01-08 09:03:00,1,242.8,2020,165.79994,-22.000122
2020-01-08 09:12:00,2020-01-08 09:13:00,1,-807.1999999999972,2020,165.79994,-22.000122
2020-01-08 10:36:00,2020-01-08 10:37:00,-1,242.8,2020,165.79994,-22.000122
2020-01-08 11:13:00,2020-01-08 11:14:00,-1,242.8,2020,165.79994,-22.000122
2020-01-08 11:32:00,2020-01-08 11:33:00,-1,242.8,2020,165.79994,-22.000122
2020-01-08 11:37:00,2020-01-08 11:38:00,-1,242.8,2020,165.79994,-22.000122
2020-01-08 11:44:00,2020-01-08 11:45:00,-1,242.8,2020,165.79994,-22.000122
2020-01-08 11:53:00,2020-01-08 11:54:00,-1,242.8,2020,165.79994,-22.000122
2020-01-08 13:10:00,2020-01-08 13:11:00,-1,242.8,2020,165.79994,-22.000122
2020-02-12 09:11:00,2020-02-12 09:12:00,1,242.8,2020,158.79997,34.000015
2020-02-12 09:18:00,2020-02-12 09:19:00,1,-317.2013732910156,2020,158.79997,34.000015
2020-08-10 09:14:00,2020-08-10 09:15:00,1,242.8,2020,157.00005,-37.000275
2020-08-10 09:35:00,2020-08-10 09:36:00,1,-47.20091552734375,2020,157.00005,-37.000275
2020-09-14 09:44:00,2020-09-14 09:45:00,1,242.8,2020,178.60008,38.000107
2020-09-14 10:37:00,2020-09-14 10:38:00,-1,-227.201220703125,2020,178.60008,38.000107
2020-09-15 09:41:00,2020-09-15 09:42:00,1,242.8,2020,175.00008,-6.0001373
2020-09-15 11:32:00,2020-09-15 11:33:00,1,242.8,2020,175.00008,-6.0001373
2020-09-15 12:51:00,2020-09-15 12:52:00,1,242.8,2020,175.00008,-6.0001373
2020-09-15 13:47:00,2020-09-15 13:48:00,-1,-117.19679565429688,2020,175.00008,-6.0001373
2020-09-23 10:01:00,2020-09-23 10:02:00,1,242.8,2020,173.8002,-9.000015
2020-09-23 10:42:00,2020-09-23 10:43:00,1,242.8,2020,173.8002,-9.000015
2020-09-23 12:38:00,2020-09-23 12:39:00,1,242.8,2020,173.8002,-9.000015
2020-09-23 12:46:00,2020-09-23 12:47:00,-1,242.8,2020,173.8002,-9.000015
2020-09-24 09:07:00,2020-09-24 09:08:00,1,242.8,2020,163.8002,-16.999817
2020-09-24 10:41:00,2020-09-24 10:42:00,1,242.8,2020,163.8002,-16.999817
2020-09-24 13:27:00,2020-09-24 13:28:00,1,12.800457763671876,2020,163.8002,-16.999817
2020-11-02 09:03:00,2020-11-02 09:04:00,-1,-807.1999999999972,2020,181.00006,-34.999847
2020-11-02 09:49:00,2020-11-02 09:50:00,1,242.8,2020,181.00006,-34.999847
2020-11-02 10:18:00,2020-11-02 10:19:00,1,242.8,2020,181.00006,-34.999847
2020-11-02 12:44:00,2020-11-02 12:45:00,-1,92.80228881835937,2020,181.00006,-34.999847
2020-12-01 10:05:00,2020-12-01 10:06:00,-1,242.8,2020,156.20003,-27.999878
2020-12-01 10:34:00,2020-12-01 10:35:00,-1,-157.1977111816406,2020,156.20003,-27.999878
2021-03-16 09:01:00,2021-03-16 09:02:00,-1,242.8,2021,178.99994,-27.999878
2021-03-16 09:18:00,2021-03-16 09:19:00,1,242.8,2021,178.99994,-27.999878
2021-03-16 09:39:00,2021-03-16 09:40:00,1,242.8,2021,178.99994,-27.999878
2021-03-16 14:16:00,2021-03-16 14:17:00,-1,82.796337890625,2021,178.99994,-27.999878
2021-03-17 09:02:00,2021-03-17 09:03:00,-1,-807.1999999999972,2021,164.59991,-38.99994
2021-03-17 10:15:00,2021-03-17 10:16:00,1,-807.1999999999972,2021,164.59991,-38.99994
2021-03-17 11:25:00,2021-03-17 11:26:00,1,242.8,2021,164.59991,-38.99994
2021-03-17 13:04:00,2021-03-17 13:05:00,1,242.8,2021,164.59991,-38.99994
2021-03-17 14:06:00,2021-03-17 14:07:00,1,142.80152587890626,2021,164.59991,-38.99994
2021-03-18 09:02:00,2021-03-18 09:03:00,-1,242.8,2021,162.79991,-30.999756
2021-03-18 09:19:00,2021-03-18 09:20:00,-1,242.8,2021,162.79991,-30.999756
2021-03-18 09:32:00,2021-03-18 09:33:00,-1,242.8,2021,162.79991,-30.999756
2021-03-18 09:56:00,2021-03-18 09:57:00,1,-807.1999999999972,2021,162.79991,-30.999756
2021-03-18 10:22:00,2021-03-18 10:23:00,-1,242.8,2021,162.79991,-30.999756
2021-03-18 10:29:00,2021-03-18 10:30:00,-1,242.8,2021,162.79991,-30.999756
2021-03-18 10:50:00,2021-03-18 10:51:00,-1,242.8,2021,162.79991,-30.999756
2021-03-18 12:35:00,2021-03-18 12:36:00,-1,242.8,2021,162.79991,-30.999756
2021-03-18 12:50:00,2021-03-18 12:51:00,-1,242.8,2021,162.79991,-30.999756
2021-03-18 12:59:00,2021-03-18 13:00:00,-1,242.8,2021,162.79991,-30.999756
2021-03-18 14:06:00,2021-03-18 14:07:00,-1,242.8,2021,162.79991,-30.999756
2021-03-18 14:10:00,2021-03-18 14:11:00,-1,242.8,2021,162.79991,-30.999756
2021-03-18 14:11:00,2021-03-18 14:12:00,-1,242.8,2021,162.79991,-30.999756
2021-03-18 14:15:00,2021-03-18 14:16:00,-1,242.8,2021,162.79991,-30.999756
2021-04-13 09:21:00,2021-04-13 09:22:00,-1,242.8,2021,164.00017,28.00026
2021-04-13 11:11:00,2021-04-13 11:12:00,1,242.8,2021,164.00017,28.00026
2021-04-19 09:03:00,2021-04-19 09:04:00,1,242.8,2021,162.99995,-23.999786
2021-04-19 09:38:00,2021-04-19 09:39:00,1,-177.2019836425781,2021,162.99995,-23.999786
2021-04-26 09:04:00,2021-04-26 09:05:00,-1,-807.1999999999972,2021,160.99991,38.99994
2021-04-26 10:35:00,2021-04-26 10:36:00,1,242.8,2021,160.99991,38.99994
2021-04-26 11:31:00,2021-04-26 11:32:00,-1,-297.20091552734374,2021,160.99991,38.99994
2021-04-27 09:05:00,2021-04-27 09:06:00,1,-77.19969482421875,2021,173.59993,-9.000015
2021-05-10 09:36:00,2021-05-10 09:37:00,-1,242.8,2021,166.60011,-8.000183
2021-05-10 09:44:00,2021-05-10 09:45:00,-1,242.8,2021,166.60011,-8.000183
2021-05-10 09:51:00,2021-05-10 09:52:00,-1,242.8,2021,166.60011,-8.000183
2021-05-10 10:03:00,2021-05-10 10:04:00,-1,242.8,2021,166.60011,-8.000183
2021-05-10 10:51:00,2021-05-10 10:52:00,-1,242.8,2021,166.60011,-8.000183
2021-05-10 10:53:00,2021-05-10 10:54:00,-1,-807.1999999999972,2021,166.60011,-8.000183
2021-05-10 11:41:00,2021-05-10 11:42:00,1,242.8,2021,166.60011,-8.000183
2021-05-13 09:02:00,2021-05-13 09:03:00,-1,242.8,2021,161.9999,26.000214
2021-05-13 09:33:00,2021-05-13 09:34:00,1,242.8,2021,161.9999,26.000214
2021-05-13 10:18:00,2021-05-13 10:19:00,-1,242.8,2021,161.9999,26.000214
2021-05-13 11:06:00,2021-05-13 11:07:00,-1,242.8,2021,161.9999,26.000214
2021-05-13 12:18:00,2021-05-13 12:19:00,-1,242.8,2021,161.9999,26.000214
2021-05-13 12:56:00,2021-05-13 12:57:00,-1,-427.2019836425781,2021,161.9999,26.000214
2021-06-21 09:01:00,2021-06-21 09:02:00,-1,-807.1999999999972,2021,173.39996,33.999634
2021-06-21 10:03:00,2021-06-21 10:04:00,1,242.8,2021,173.39996,33.999634
2021-06-21 10:07:00,2021-06-21 10:08:00,1,242.8,2021,173.39996,33.999634
2021-06-21 10:18:00,2021-06-21 10:19:00,1,242.8,2021,173.39996,33.999634
2021-06-21 12:21:00,2021-06-21 12:22:00,-1,-347.196337890625,2021,173.39996,33.999634
2021-08-31 09:55:00,2021-08-31 09:56:00,-1,-377.1951171875,2021,176.00021,-18.00003
2021-09-02 09:01:00,2021-09-02 09:02:00,1,242.8,2021,161.79993,-33.000183
2021-09-02 09:22:00,2021-09-02 09:23:00,1,242.8,2021,161.79993,-33.000183
2021-09-02 09:29:00,2021-09-02 09:30:00,1,242.8,2021,161.79993,-33.000183
2021-09-02 09:45:00,2021-09-02 09:46:00,1,242.8,2021,161.79993,-33.000183
2021-09-02 10:57:00,2021-09-02 10:58:00,1,-307.19542236328124,2021,161.79993,-33.000183
2021-09-07 09:13:00,2021-09-07 09:14:00,1,242.8,2021,175.59982,-22.000122
2021-09-07 09:31:00,2021-09-07 09:32:00,1,242.8,2021,175.59982,-22.000122
2021-09-07 09:36:00,2021-09-07 09:37:00,1,-807.1999999999972,2021,175.59982,-22.000122
2021-09-07 12:36:00,2021-09-07 12:37:00,-1,-427.1981689453125,2021,175.59982,-22.000122
2021-09-22 09:07:00,2021-09-22 09:08:00,1,242.8,2021,194.60007,38.99994
2021-09-22 12:36:00,2021-09-22 12:37:00,1,-37.20640869140625,2021,194.60007,38.99994
2023-03-03 09:00:00,2023-03-03 09:01:00,-1,242.8,2023,194.7998,13.999939
2023-03-03 09:04:00,2023-03-03 09:05:00,-1,242.8,2023,194.7998,13.999939
2023-03-03 09:05:00,2023-03-03 09:06:00,-1,-807.1999999999972,2023,194.7998,13.999939
2023-03-03 09:17:00,2023-03-03 09:18:00,1,242.8,2023,194.7998,13.999939
2023-03-03 09:37:00,2023-03-03 09:38:00,1,242.8,2023,194.7998,13.999939
2023-03-03 09:52:00,2023-03-03 09:53:00,1,242.8,2023,194.7998,13.999939
2023-03-03 10:36:00,2023-03-03 10:37:00,1,242.8,2023,194.7998,13.999939
2023-03-03 10:39:00,2023-03-03 10:40:00,1,242.8,2023,194.7998,13.999939
2023-03-03 10:55:00,2023-03-03 10:56:00,1,242.8,2023,194.7998,13.999939
2023-03-03 11:02:00,2023-03-03 11:03:00,1,242.8,2023,194.7998,13.999939
2023-03-03 12:51:00,2023-03-03 12:52:00,1,-37.198779296875,2023,194.7998,13.999939
2023-04-10 09:04:00,2023-04-10 09:05:00,1,242.8,2023,193.39996,8.999634
2023-04-10 09:41:00,2023-04-10 09:42:00,1,242.8,2023,193.39996,8.999634
2023-04-10 10:41:00,2023-04-10 10:42:00,-1,242.8,2023,193.39996,8.999634
2023-04-10 10:42:00,2023-04-10 10:43:00,-1,242.8,2023,193.39996,8.999634
2023-04-10 11:32:00,2023-04-10 11:33:00,-1,242.8,2023,193.39996,8.999634
2023-04-10 11:43:00,2023-04-10 11:44:00,-1,242.8,2023,193.39996,8.999634
2023-04-10 13:49:00,2023-04-10 13:50:00,1,-87.2018310546875,2023,193.39996,8.999634
2023-04-17 10:13:00,2023-04-17 10:14:00,1,-807.1999999999972,2023,175.39993,27.999878
2023-04-17 10:48:00,2023-04-17 10:49:00,1,242.8,2023,175.39993,27.999878
2023-04-17 11:12:00,2023-04-17 11:13:00,-1,242.8,2023,175.39993,27.999878
2023-04-17 11:21:00,2023-04-17 11:22:00,-1,242.8,2023,175.39993,27.999878
2023-04-17 11:35:00,2023-04-17 11:36:00,-1,122.8048828125,2023,175.39993,27.999878
2023-04-19 09:37:00,2023-04-19 09:38:00,-1,242.8,2023,175.79987,-11.000061
2023-04-19 09:59:00,2023-04-19 10:00:00,-1,-807.1999999999972,2023,175.79987,-11.000061
2023-04-19 10:38:00,2023-04-19 10:39:00,-1,242.8,2023,175.79987,-11.000061
2023-04-19 12:06:00,2023-04-19 12:07:00,-1,-807.1999999999972,2023,175.79987,-11.000061
2023-04-19 13:12:00,2023-04-19 13:13:00,1,-77.19969482421875,2023,175.79987,-11.000061
2023-07-07 09:03:00,2023-07-07 09:04:00,-1,242.8,2023,179.99985,11.000061
2023-07-07 09:07:00,2023-07-07 09:08:00,-1,-807.1999999999972,2023,179.99985,11.000061
2023-07-07 09:46:00,2023-07-07 09:47:00,1,242.8,2023,179.99985,11.000061
2023-07-07 09:48:00,2023-07-07 09:49:00,1,242.8,2023,179.99985,11.000061
2023-07-07 10:00:00,2023-07-07 10:01:00,1,242.8,2023,179.99985,11.000061
2023-07-07 11:10:00,2023-07-07 11:11:00,-1,-627.2027465820313,2023,179.99985,11.000061
2023-08-25 09:09:00,2023-08-25 09:10:00,-1,242.8,2023,172.4002,30.999756
2023-08-25 10:08:00,2023-08-25 10:09:00,-1,242.8,2023,172.4002,30.999756
2023-08-25 13:17:00,2023-08-25 13:18:00,-1,242.8,2023,172.4002,30.999756
2023-08-25 13:20:00,2023-08-25 13:21:00,-1,242.8,2023,172.4002,30.999756
2023-08-25 13:27:00,2023-08-25 13:28:00,-1,242.8,2023,172.4002,30.999756
2023-08-25 13:41:00,2023-08-25 13:42:00,1,242.8,2023,172.4002,30.999756
2023-08-25 13:55:00,2023-08-25 13:56:00,1,242.8,2023,172.4002,30.999756
2023-09-20 09:05:00,2023-09-20 09:06:00,-1,-807.1999999999972,2023,180.80002,-27.000427
2023-09-20 09:45:00,2023-09-20 09:46:00,1,242.8,2023,180.80002,-27.000427
2023-09-20 10:12:00,2023-09-20 10:13:00,1,242.8,2023,180.80002,-27.000427
2023-09-20 11:11:00,2023-09-20 11:12:00,1,242.8,2023,180.80002,-27.000427
2023-09-20 11:29:00,2023-09-20 11:30:00,-1,242.8,2023,180.80002,-27.000427
2023-09-20 11:49:00,2023-09-20 11:50:00,-1,242.8,2023,180.80002,-27.000427
2023-09-20 13:54:00,2023-09-20 13:55:00,-1,-77.19969482421875,2023,180.80002,-27.000427
2024-02-20 09:03:00,2024-02-20 09:04:00,1,-807.1999999999972,2024,185.99991,-12.999725
2024-02-20 10:37:00,2024-02-20 10:38:00,-1,242.8,2024,185.99991,-12.999725
2024-02-20 10:40:00,2024-02-20 10:41:00,-1,242.8,2024,185.99991,-12.999725
2024-02-20 11:20:00,2024-02-20 11:21:00,-1,-637.1972534179688,2024,185.99991,-12.999725
2024-02-23 09:08:00,2024-02-23 09:09:00,-1,242.8,2024,159.19983,25.0
2024-02-23 09:25:00,2024-02-23 09:26:00,-1,242.8,2024,159.19983,25.0
2024-02-23 09:44:00,2024-02-23 09:45:00,-1,242.8,2024,159.19983,25.0
2024-02-23 12:38:00,2024-02-23 12:39:00,1,-77.19969482421875,2024,159.19983,25.0
2024-03-13 09:01:00,2024-03-13 09:02:00,1,242.8,2024,193.8002,-5.999756
2024-03-13 10:13:00,2024-03-13 10:14:00,-1,242.8,2024,193.8002,-5.999756
2024-03-13 10:43:00,2024-03-13 10:44:00,-1,-807.1999999999972,2024,193.8002,-5.999756
2024-03-18 09:11:00,2024-03-18 09:12:00,1,242.8,2024,168.20023,-13.999939
2024-03-18 11:43:00,2024-03-18 11:44:00,1,242.8,2024,168.20023,-13.999939
2024-03-18 12:34:00,2024-03-18 12:35:00,-1,-807.1999999999972,2024,168.20023,-13.999939
2024-03-25 09:04:00,2024-03-25 09:05:00,1,242.8,2024,154.40002,-1.9996643
2024-03-25 09:31:00,2024-03-25 09:32:00,1,242.8,2024,154.40002,-1.9996643
2024-03-25 10:50:00,2024-03-25 10:51:00,1,-207.1969482421875,2024,154.40002,-1.9996643
2024-04-16 09:44:00,2024-04-16 09:45:00,1,-207.1969482421875,2024,200.0,-27.999878
2024-04-17 09:33:00,2024-04-17 09:34:00,1,242.8,2024,190.79987,-38.99994
2024-04-17 10:02:00,2024-04-17 10:03:00,1,-807.1999999999972,2024,190.79987,-38.99994
2024-04-17 11:55:00,2024-04-17 11:56:00,-1,242.8,2024,190.79987,-38.99994
2024-04-17 11:57:00,2024-04-17 11:58:00,-1,242.8,2024,190.79987,-38.99994
2024-04-17 12:03:00,2024-04-17 12:04:00,-1,242.8,2024,190.79987,-38.99994
2024-04-17 12:28:00,2024-04-17 12:29:00,-1,-137.19725341796874,2024,190.79987,-38.99994
2024-05-10 09:00:00,2024-05-10 09:01:00,-1,242.8,2024,154.79965,33.999634
2024-05-10 10:23:00,2024-05-10 10:24:00,-1,242.8,2024,154.79965,33.999634
2024-05-10 11:53:00,2024-05-10 11:54:00,-1,242.8,2024,154.79965,33.999634
2024-05-21 09:00:00,2024-05-21 09:01:00,1,242.8,2024,161.80008,-36.00006
2024-05-21 09:25:00,2024-05-21 09:26:00,1,242.8,2024,161.80008,-36.00006
2024-05-21 10:16:00,2024-05-21 10:17:00,1,242.8,2024,161.80008,-36.00006
2024-05-21 10:59:00,2024-05-21 11:00:00,-1,242.8,2024,161.80008,-36.00006
2024-05-21 11:36:00,2024-05-21 11:37:00,-1,242.8,2024,161.80008,-36.00006
2024-05-21 12:30:00,2024-05-21 12:31:00,1,242.8,2024,161.80008,-36.00006
2024-05-21 13:06:00,2024-05-21 13:07:00,1,42.79542236328125,2024,161.80008,-36.00006
2024-06-10 09:00:00,2024-06-10 09:01:00,-1,242.8,2024,189.39987,-29.000092
2024-06-10 09:58:00,2024-06-10 09:59:00,1,242.8,2024,189.39987,-29.000092
2024-06-10 10:06:00,2024-06-10 10:07:00,-1,-807.1999999999972,2024,189.39987,-29.000092
2024-06-10 11:42:00,2024-06-10 11:43:00,1,242.8,2024,189.39987,-29.000092
2024-06-12 09:59:00,2024-06-12 10:00:00,1,-807.1999999999972,2024,169.60007,5.999756
2024-06-12 10:38:00,2024-06-12 10:39:00,-1,242.8,2024,169.60007,5.999756
2024-06-12 11:03:00,2024-06-12 11:04:00,-1,-807.1999999999972,2024,169.60007,5.999756
2024-06-12 13:22:00,2024-06-12 13:23:00,-1,-117.2006103515625,2024,169.60007,5.999756
2024-06-13 09:09:00,2024-06-13 09:10:00,1,242.8,2024,168.20007,9.999847
2024-06-13 09:18:00,2024-06-13 09:19:00,1,-227.19359130859374,2024,168.20007,9.999847
2024-07-25 09:02:00,2024-07-25 09:03:00,-1,242.8,2024,190.59982,5.000305
2024-07-25 09:07:00,2024-07-25 09:08:00,-1,-807.1999999999972,2024,190.59982,5.000305
2024-07-25 10:19:00,2024-07-25 10:20:00,1,242.8,2024,190.59982,5.000305
2024-07-25 10:26:00,2024-07-25 10:27:00,1,242.8,2024,190.59982,5.000305
2024-07-25 11:03:00,2024-07-25 11:04:00,1,242.8,2024,190.59982,5.000305
2024-07-25 11:32:00,2024-07-25 11:33:00,1,242.8,2024,190.59982,5.000305
2024-07-25 12:17:00,2024-07-25 12:18:00,1,22.798779296875,2024,190.59982,5.000305
2024-09-23 09:01:00,2024-09-23 09:02:00,1,242.8,2024,191.39969,6.9999695
2024-09-23 09:51:00,2024-09-23 09:52:00,1,242.8,2024,191.39969,6.9999695
2024-09-23 10:39:00,2024-09-23 10:40:00,-1,242.8,2024,191.39969,6.9999695
2024-09-23 10:41:00,2024-09-23 10:42:00,-1,242.8,2024,191.39969,6.9999695
2024-09-23 11:16:00,2024-09-23 11:17:00,-1,242.8,2024,191.39969,6.9999695
2024-09-23 11:45:00,2024-09-23 11:46:00,-1,242.8,2024,191.39969,6.9999695
2024-09-23 12:11:00,2024-09-23 12:12:00,-1,242.8,2024,191.39969,6.9999695
2024-09-23 12:20:00,2024-09-23 12:21:00,-1,-807.1999999999972,2024,191.39969,6.9999695
2024-11-06 09:02:00,2024-11-06 09:03:00,1,242.8,2024,189.39972,37.999725
2024-11-06 09:19:00,2024-11-06 09:20:00,1,242.8,2024,189.39972,37.999725
2024-11-06 09:37:00,2024-11-06 09:38:00,1,242.8,2024,189.39972,37.999725
2024-11-06 09:59:00,2024-11-06 10:00:00,1,242.8,2024,189.39972,37.999725
2024-11-06 10:12:00,2024-11-06 10:13:00,1,242.8,2024,189.39972,37.999725
2024-11-06 10:25:00,2024-11-06 10:26:00,1,242.8,2024,189.39972,37.999725
2024-11-06 10:41:00,2024-11-06 10:42:00,1,242.8,2024,189.39972,37.999725
2024-11-06 10:59:00,2024-11-06 11:00:00,1,-807.1999999999972,2024,189.39972,37.999725
2024-11-06 12:14:00,2024-11-06 12:15:00,1,-427.20579833984374,2024,189.39972,37.999725
2024-11-20 10:01:00,2024-11-20 10:02:00,-1,242.8,2024,187.20001,18.00003
2024-11-20 10:37:00,2024-11-20 10:38:00,1,242.8,2024,187.20001,18.00003
2024-11-20 10:56:00,2024-11-20 10:57:00,1,-807.1999999999972,2024,187.20001,18.00003
2024-11-20 12:31:00,2024-11-20 12:32:00,-1,-7.2,2024,187.20001,18.00003
2024-11-21 09:00:00,2024-11-21 09:01:00,1,-357.19847412109374,2024,175.20004,-23.999786
2024-11-28 09:29:00,2024-11-28 09:30:00,-1,242.8,2024,198.40012,-14.000702
2024-11-29 09:16:00,2024-11-29 09:17:00,-1,242.8,2024,188.60031,11.000061
2024-11-29 11:45:00,2024-11-29 11:46:00,-1,242.8,2024,188.60031,11.000061
2024-11-29 12:07:00,2024-11-29 12:08:00,-1,212.801220703125,2024,188.60031,11.000061
2024-12-03 09:06:00,2024-12-03 09:07:00,-1,242.8,2024,153.8002,16.999817
2024-12-03 10:11:00,2024-12-03 10:12:00,1,242.8,2024,153.8002,16.999817
2024-12-03 10:18:00,2024-12-03 10:19:00,1,242.8,2024,153.8002,16.999817
2024-12-03 10:54:00,2024-12-03 10:55:00,1,242.8,2024,153.8002,16.999817
2024-12-03 11:31:00,2024-12-03 11:32:00,1,242.8,2024,153.8002,16.999817
2024-12-03 13:48:00,2024-12-03 13:49:00,1,-17.20213623046875,2024,153.8002,16.999817
2024-12-11 09:40:00,2024-12-11 09:41:00,-1,-807.1999999999972,2024,156.99982,27.999878
2024-12-11 11:47:00,2024-12-11 11:48:00,1,92.79847412109375,2024,156.99982,27.999878
2025-01-27 10:19:00,2025-01-27 10:20:00,-1,242.8,2025,167.99988,29.999542
2025-01-27 10:31:00,2025-01-27 10:32:00,-1,242.8,2025,167.99988,29.999542
2025-01-27 10:36:00,2025-01-27 10:37:00,-1,242.8,2025,167.99988,29.999542
2025-01-27 11:10:00,2025-01-27 11:11:00,-1,242.8,2025,167.99988,29.999542
2025-01-27 11:40:00,2025-01-27 11:41:00,-1,242.8,2025,167.99988,29.999542
2025-01-27 11:52:00,2025-01-27 11:53:00,-1,242.8,2025,167.99988,29.999542
2025-01-27 12:03:00,2025-01-27 12:04:00,-1,-497.19786376953124,2025,167.99988,29.999542
2025-01-31 09:19:00,2025-01-31 09:20:00,-1,242.8,2025,178.39996,25.0
2025-01-31 09:49:00,2025-01-31 09:50:00,-1,242.8,2025,178.39996,25.0
2025-01-31 10:09:00,2025-01-31 10:10:00,1,242.8,2025,178.39996,25.0
2025-01-31 10:34:00,2025-01-31 10:35:00,1,242.8,2025,178.39996,25.0
2025-01-31 10:40:00,2025-01-31 10:41:00,1,242.8,2025,178.39996,25.0
2025-01-31 12:09:00,2025-01-31 12:10:00,-1,242.8,2025,178.39996,25.0
2025-01-31 12:13:00,2025-01-31 12:14:00,-1,-807.1999999999972,2025,178.39996,25.0
2025-01-31 13:46:00,2025-01-31 13:47:00,1,32.80091552734375,2025,178.39996,25.0
2025-03-03 09:40:00,2025-03-03 09:41:00,-1,242.8,2025,154.40002,-22.000122
2025-03-03 10:00:00,2025-03-03 10:01:00,-1,242.8,2025,154.40002,-22.000122
2025-03-03 10:38:00,2025-03-03 10:39:00,-1,242.8,2025,154.40002,-22.000122
2025-03-03 13:10:00,2025-03-03 13:11:00,-1,242.8,2025,154.40002,-22.000122
2025-03-03 13:12:00,2025-03-03 13:13:00,-1,242.8,2025,154.40002,-22.000122
2025-03-03 13:18:00,2025-03-03 13:19:00,-1,242.8,2025,154.40002,-22.000122
2025-03-03 13:25:00,2025-03-03 13:26:00,1,-57.2030517578125,2025,154.40002,-22.000122
2025-04-28 09:12:00,2025-04-28 09:13:00,-1,242.8,2025,198.60008,30.999756
2025-04-28 09:47:00,2025-04-28 09:48:00,-1,242.8,2025,198.60008,30.999756
2025-04-28 10:01:00,2025-04-28 10:02:00,-1,242.8,2025,198.60008,30.999756
2025-04-28 11:10:00,2025-04-28 11:11:00,-1,242.8,2025,198.60008,30.999756
2025-04-28 12:39:00,2025-04-28 12:40:00,-1,-227.201220703125,2025,198.60008,30.999756
2025-05-20 09:05:00,2025-05-20 09:06:00,1,-157.1977111816406,2025,174.59999,17.000198
2025-05-21 09:04:00,2025-05-21 09:05:00,-1,242.8,2025,152.60002,9.999847
2025-05-21 10:03:00,2025-05-21 10:04:00,-1,242.8,2025,152.60002,9.999847
2025-05-21 10:34:00,2025-05-21 10:35:00,-1,242.8,2025,152.60002,9.999847
2025-05-21 11:09:00,2025-05-21 11:10:00,-1,242.8,2025,152.60002,9.999847
2025-05-21 12:09:00,2025-05-21 12:10:00,-1,-127.19893188476563,2025,152.60002,9.999847
2025-05-27 09:03:00,2025-05-27 09:04:00,-1,242.8,2025,166.40007,-17.000198
2025-05-27 10:50:00,2025-05-27 10:51:00,-1,242.8,2025,166.40007,-17.000198
2025-05-27 13:05:00,2025-05-27 13:06:00,-1,-107.20228881835938,2025,166.40007,-17.000198
2025-07-01 09:04:00,2025-07-01 09:05:00,-1,242.8,2025,194.39972,-18.00003
2025-07-01 10:01:00,2025-07-01 10:02:00,1,242.8,2025,194.39972,-18.00003
2025-07-01 13:12:00,2025-07-01 13:13:00,-1,12.79664306640625,2025,194.39972,-18.00003
2025-07-09 09:06:00,2025-07-09 09:07:00,-1,242.8,2025,180.80002,22.000122
2025-07-09 09:45:00,2025-07-09 09:46:00,1,242.8,2025,180.80002,22.000122
2025-07-09 10:56:00,2025-07-09 10:57:00,1,242.8,2025,180.80002,22.000122
2025-07-09 11:27:00,2025-07-09 11:28:00,1,2.80213623046875,2025,180.80002,22.000122
2025-07-10 09:02:00,2025-07-10 09:03:00,-1,242.8,2025,158.60016,11.000061
2025-07-10 09:16:00,2025-07-10 09:17:00,-1,242.8,2025,158.60016,11.000061
2025-07-10 09:21:00,2025-07-10 09:22:00,-1,242.8,2025,158.60016,11.000061
2025-07-10 12:06:00,2025-07-10 12:07:00,1,-267.20213623046874,2025,158.60016,11.000061
2025-07-16 09:14:00,2025-07-16 09:15:00,-1,242.8,2025,189.40002,-11.000061
2025-07-16 10:33:00,2025-07-16 10:34:00,-1,-807.1999999999972,2025,189.40002,-11.000061
2025-07-16 12:51:00,2025-07-16 12:52:00,1,242.8,2025,189.40002,-11.000061
2025-07-16 13:46:00,2025-07-16 13:47:00,1,82.80396728515625,2025,189.40002,-11.000061
2025-07-17 09:04:00,2025-07-17 09:05:00,-1,-807.1999999999972,2025,196.4,-9.000397
2025-07-17 12:31:00,2025-07-17 12:32:00,1,-207.20457763671874,2025,196.4,-9.000397
2025-07-21 09:06:00,2025-07-21 09:07:00,1,52.80518798828125,2025,167.20001,-27.999878
2025-09-10 10:31:00,2025-09-10 10:32:00,-1,-807.1999999999972,2025,159.00002,34.000015
2025-09-10 11:50:00,2025-09-10 11:51:00,1,-157.20152587890624,2025,159.00002,34.000015
2025-09-15 09:06:00,2025-09-15 09:07:00,1,242.8,2025,160.60005,32.9998
2025-09-15 10:53:00,2025-09-15 10:54:00,1,-287.198779296875,2025,160.60005,32.9998
2025-09-16 09:36:00,2025-09-16 09:37:00,1,242.8,2025,153.79997,30.999756
2025-09-29 09:15:00,2025-09-29 09:16:00,-1,242.8,2025,165.39993,-0.9994507
2025-09-29 09:23:00,2025-09-29 09:24:00,-1,242.8,2025,165.39993,-0.9994507
2025-10-06 09:03:00,2025-10-06 09:04:00,-1,-467.20289916992186,2025,162.20001,-1.0002136
2025-10-21 09:01:00,2025-10-21 09:02:00,-1,242.8,2025,156.99997,-38.99994
2025-10-21 09:19:00,2025-10-21 09:20:00,-1,242.8,2025,156.99997,-38.99994
2025-10-21 09:47:00,2025-10-21 09:48:00,-1,242.8,2025,156.99997,-38.99994
2025-10-21 10:10:00,2025-10-21 10:11:00,1,242.8,2025,156.99997,-38.99994
2025-10-21 10:20:00,2025-10-21 10:21:00,1,242.8,2025,156.99997,-38.99994
2025-10-21 11:21:00,2025-10-21 11:22:00,1,242.8,2025,156.99997,-38.99994
2025-10-21 11:46:00,2025-10-21 11:47:00,1,242.8,2025,156.99997,-38.99994
2025-10-21 12:55:00,2025-10-21 12:56:00,-1,242.8,2025,156.99997,-38.99994
2025-10-21 13:02:00,2025-10-21 13:03:00,-1,-237.1995422363281,2025,156.99997,-38.99994
2025-10-27 09:02:00,2025-10-27 09:03:00,1,242.8,2025,192.60017,-35.00023
2025-10-27 13:31:00,2025-10-27 13:32:00,-1,242.8,2025,192.60017,-35.00023
2025-10-28 09:04:00,2025-10-28 09:05:00,1,242.8,2025,193.20015,-27.000046
2025-10-28 10:10:00,2025-10-28 10:11:00,-1,242.8,2025,193.20015,-27.000046
2025-10-28 11:48:00,2025-10-28 11:49:00,1,242.8,2025,193.20015,-27.000046
2025-10-28 12:27:00,2025-10-28 12:28:00,-1,2.80213623046875,2025,193.20015,-27.000046
2025-10-30 09:01:00,2025-10-30 09:02:00,-1,-807.1999999999972,2025,170.00008,18.00003
2025-10-30 10:49:00,2025-10-30 10:50:00,1,242.8,2025,170.00008,18.00003
2025-10-30 14:40:00,2025-10-30 14:41:00,-1,-57.19923706054688,2025,170.00008,18.00003
2025-11-14 09:06:00,2025-11-14 09:07:00,1,242.8,2025,153.6,12.999725
2025-11-14 13:12:00,2025-11-14 13:13:00,1,-177.2019836425781,2025,153.6,12.999725
2025-11-18 09:00:00,2025-11-18 09:01:00,-1,242.8,2025,170.60005,-7.9998016
2025-11-18 09:52:00,2025-11-18 09:53:00,-1,-807.1999999999972,2025,170.60005,-7.9998016
2025-11-18 12:56:00,2025-11-18 12:57:00,1,242.8,2025,170.60005,-7.9998016
2025-11-18 13:04:00,2025-11-18 13:05:00,1,242.8,2025,170.60005,-7.9998016
2025-11-18 13:06:00,2025-11-18 13:07:00,1,-147.1993896484375,2025,170.60005,-7.9998016
2026-01-21 10:12:00,2026-01-21 10:13:00,-1,-557.1992370605469,2026,189.59999,8.000183
2026-02-16 10:06:00,2026-02-16 10:07:00,-1,-487.1995422363281,2026,176.59988,-18.00003
2026-07-06 09:07:00,2026-07-06 09:08:00,-1,-807.1999999999972,2026,188.40012,34.999847
2026-07-06 10:18:00,2026-07-06 10:19:00,-1,242.8,2026,188.40012,34.999847
2026-07-06 13:28:00,2026-07-06 13:29:00,1,42.79542236328125,2026,188.40012,34.999847
2026-07-07 09:23:00,2026-07-07 09:24:00,1,242.8,2026,179.60007,-8.000183
2026-07-07 10:01:00,2026-07-07 10:02:00,1,242.8,2026,179.60007,-8.000183
2026-07-07 10:04:00,2026-07-07 10:05:00,1,242.8,2026,179.60007,-8.000183
2026-07-07 11:49:00,2026-07-07 11:50:00,1,-127.20274658203125,2026,179.60007,-8.000183
