entry_time_ny,pnl_net,setup
2020-03-23 09:39:00,442.79999999999933,D
2020-03-24 11:11:00,102.79870300292968,D
2020-04-08 10:42:00,442.79999999999933,D
2020-04-09 10:33:00,442.79999999999933,D
2020-04-13 10:08:00,442.79999999999933,D
2020-04-28 10:53:00,442.79999999999933,D
2020-04-28 11:07:00,-457.1998092651367,D
2021-12-07 09:35:00,442.80000000000285,D
2021-12-07 11:03:00,-547.2009155273438,D
2021-12-08 10:45:00,442.80000000000285,D
2022-02-17 09:09:00,442.80000000000285,D
2022-02-17 09:50:00,442.80000000000285,D
2022-02-17 10:24:00,442.80000000000285,D
2022-02-17 12:47:00,442.80000000000285,D
2022-02-18 12:49:00,-437.20030517578124,D
2022-03-11 09:04:00,-1407.2000000000057,D
2022-03-11 10:22:00,-1407.2000000000057,D
2022-03-11 13:50:00,-287.20640869140624,D
2022-03-14 11:10:00,442.80000000000285,D
2022-03-14 14:24:00,-1407.2000000000057,D
2022-03-15 09:45:00,442.80000000000285,D
2022-03-15 11:04:00,442.80000000000285,D
2022-03-15 11:28:00,-1407.2000000000057,D
2022-03-16 09:15:00,442.80000000000285,D
2022-03-16 09:52:00,442.80000000000285,D
2022-03-16 10:15:00,442.80000000000285,D
2022-03-16 10:16:00,442.80000000000285,D
2022-03-16 10:59:00,-1407.2000000000057,D
2022-03-16 12:12:00,442.80000000000285,D
2022-03-16 14:32:00,442.80000000000285,D
2022-03-18 09:23:00,442.80000000000285,D
2022-03-18 11:49:00,442.80000000000285,D
2022-03-18 13:20:00,-317.20518798828124,D
2022-03-28 11:22:00,442.80000000000285,D
2022-03-28 11:49:00,442.80000000000285,D
2022-03-31 09:08:00,442.80000000000285,D
2022-03-31 09:50:00,-1407.2000000000057,D
2022-03-31 11:00:00,442.80000000000285,D
2022-03-31 11:48:00,-1407.2000000000057,D
2022-04-04 11:02:00,442.80000000000285,D
2022-04-04 11:44:00,442.80000000000285,D
2022-04-04 12:55:00,-937.2003051757813,D
2022-04-05 11:16:00,442.80000000000285,D
2022-04-06 11:13:00,442.80000000000285,D
2022-04-06 11:21:00,442.80000000000285,D
2022-04-06 11:32:00,442.80000000000285,D
2022-04-12 11:47:00,-7.2,D
2022-04-14 10:08:00,442.80000000000285,D
2022-04-14 12:06:00,442.80000000000285,D
2022-04-14 12:46:00,442.80000000000285,D
2022-04-18 09:02:00,442.80000000000285,D
2022-04-18 12:28:00,442.80000000000285,D
2022-04-22 09:38:00,442.80000000000285,D
2022-04-22 11:17:00,442.80000000000285,D
2022-04-27 10:57:00,442.80000000000285,D
2022-04-29 09:10:00,442.80000000000285,D
2022-04-29 13:31:00,-947.20244140625,D
2022-05-02 09:41:00,-1407.2000000000057,D
2022-05-03 09:32:00,442.80000000000285,D
2022-05-09 09:07:00,-1407.2000000000057,D
2022-05-10 10:40:00,442.80000000000285,D
2022-05-10 10:50:00,442.80000000000285,D
2022-05-10 11:48:00,442.80000000000285,D
2022-05-11 10:30:00,442.80000000000285,D
2022-05-12 09:09:00,442.80000000000285,D
2022-05-12 09:22:00,442.80000000000285,D
2022-05-12 12:20:00,-1057.2030517578125,D
2022-05-13 09:25:00,442.80000000000285,D
2022-06-15 13:04:00,442.80000000000285,D
2022-06-16 09:37:00,442.80000000000285,D
2022-06-16 09:40:00,442.80000000000285,D
2022-06-16 10:53:00,-1407.2000000000057,D
2022-06-16 13:43:00,-257.2,D
2022-06-17 10:57:00,-1407.2000000000057,D
2022-06-20 09:27:00,442.80000000000285,D
2022-06-20 11:47:00,-277.19664306640624,D
2022-06-22 10:25:00,442.80000000000285,D
2022-06-22 12:01:00,442.80000000000285,D
2022-06-22 13:51:00,92.79847412109375,D
2022-06-23 09:49:00,442.80000000000285,D
2022-06-23 09:53:00,442.80000000000285,D
2022-06-23 10:09:00,442.80000000000285,D
2022-06-23 12:37:00,442.80000000000285,D
2022-06-27 10:06:00,442.80000000000285,D
2022-06-27 10:59:00,442.80000000000285,D
2022-06-27 12:47:00,442.80000000000285,D
2022-06-30 09:28:00,442.80000000000285,D
2022-06-30 10:40:00,-1407.2000000000057,D
2022-06-30 12:10:00,442.80000000000285,D
2022-07-01 09:43:00,442.80000000000285,D
2022-07-01 12:43:00,442.80000000000285,D
2022-07-04 10:10:00,-47.20091552734375,D
2022-07-05 10:12:00,-1407.2000000000057,D
2022-07-05 13:48:00,-437.20030517578124,D
2022-07-11 09:59:00,442.80000000000285,D
2022-07-11 11:28:00,442.80000000000285,D
2022-07-11 12:36:00,442.80000000000285,D
2022-07-12 09:18:00,442.80000000000285,D
2022-07-12 09:47:00,442.80000000000285,D
2022-07-12 10:02:00,442.80000000000285,D
2022-07-12 10:52:00,442.80000000000285,D
2022-07-12 12:04:00,-237.1957275390625,D
2022-07-18 09:02:00,442.80000000000285,D
2022-07-18 11:16:00,442.80000000000285,D
2022-07-19 12:20:00,442.80000000000285,D
2022-07-20 09:56:00,442.80000000000285,D
2022-07-20 12:11:00,442.80000000000285,D
2022-07-20 13:19:00,-807.1954223632813,D
2022-07-22 11:44:00,442.80000000000285,D
2022-07-22 13:06:00,442.80000000000285,D
2022-07-28 10:47:00,442.80000000000285,D
2022-07-28 11:27:00,442.80000000000285,D
2022-08-01 11:02:00,-1407.2000000000057,D
2022-08-01 13:38:00,-757.2,D
2022-08-11 12:01:00,442.80000000000285,D
2022-08-11 12:05:00,442.80000000000285,D
2022-08-23 09:18:00,442.80000000000285,D
2022-08-23 09:36:00,442.80000000000285,D
2022-09-01 09:08:00,442.80000000000285,D
2022-09-01 11:57:00,442.80000000000285,D
2022-09-01 12:41:00,262.8042724609375,D
2022-09-02 09:15:00,442.80000000000285,D
2022-09-02 12:54:00,442.80000000000285,D
2022-09-02 13:44:00,242.8,D
2022-09-05 12:27:00,-127.20274658203125,D
2022-09-06 11:34:00,-1187.2003051757813,D
2022-09-12 09:06:00,-997.1978637695313,D
2022-09-13 09:31:00,442.80000000000285,D
2022-09-13 13:30:00,442.80000000000285,D
2022-09-13 13:31:00,442.80000000000285,D
2022-09-16 11:10:00,442.80000000000285,D
2023-03-20 09:05:00,442.80000000000285,D
2023-03-20 12:13:00,-1407.2000000000057,D
2023-03-21 09:32:00,442.80000000000285,D
2023-03-22 14:05:00,442.80000000000285,D
2023-05-09 13:29:00,442.80000000000285,D
2025-04-14 13:35:00,22.798779296875,D
2026-03-16 10:17:00,442.80000000000285,D
2026-03-16 12:25:00,442.80000000000285,D
2026-03-17 09:12:00,442.80000000000285,D
2026-03-17 12:12:00,442.80000000000285,D
2026-03-18 10:14:00,442.80000000000285,D
2026-03-18 11:19:00,-1407.2000000000057,D
2026-03-18 13:01:00,-1407.2000000000057,D
2026-03-19 09:07:00,-1407.2000000000057,D
2026-03-19 09:24:00,442.80000000000285,D
2026-03-19 11:44:00,442.80000000000285,D
2026-03-19 11:45:00,442.80000000000285,D
2026-03-20 14:05:00,-1207.1969482421875,D
2026-03-23 09:15:00,442.80000000000285,D
2026-03-23 09:56:00,-1407.2000000000057,D
2026-03-23 11:20:00,442.80000000000285,D
2026-03-23 11:46:00,442.80000000000285,D
2026-03-23 14:29:00,-427.20579833984374,D
2026-03-24 10:01:00,442.80000000000285,D
2026-03-24 10:47:00,442.80000000000285,D
2026-03-24 14:39:00,442.80000000000285,D
2026-03-26 11:41:00,442.80000000000285,D
2026-03-26 13:04:00,-797.2009155273438,D
2026-03-27 10:22:00,442.80000000000285,D
2026-03-27 10:39:00,442.80000000000285,D
2026-03-27 12:56:00,442.80000000000285,D
2026-03-27 14:16:00,-557.1954223632813,D
2026-04-01 13:09:00,442.80000000000285,D
2026-04-08 09:37:00,-1407.2000000000057,D
2026-04-08 09:50:00,-1407.2000000000057,D
2026-04-08 11:38:00,442.80000000000285,D
2026-04-08 11:51:00,442.80000000000285,D
2026-04-09 11:33:00,442.80000000000285,D
2026-04-09 12:19:00,442.80000000000285,D
2026-04-09 12:52:00,442.80000000000285,D
2026-04-09 13:09:00,442.80000000000285,D
2026-04-10 09:16:00,442.80000000000285,D
2026-04-10 10:43:00,442.80000000000285,D
2026-04-13 12:11:00,442.80000000000285,D
2026-04-13 12:26:00,442.80000000000285,D
2026-04-13 13:27:00,442.80000000000285,D
2026-04-14 09:18:00,442.80000000000285,D
2026-04-14 10:10:00,-1407.2000000000057,D
2026-04-14 11:37:00,442.80000000000285,D
2026-04-14 12:14:00,442.80000000000285,D
2026-04-15 09:39:00,-1407.2000000000057,D
2026-04-15 11:42:00,442.80000000000285,D
2026-04-20 12:52:00,-387.19725341796874,D
2026-04-21 13:34:00,442.80000000000285,D
2026-04-22 09:32:00,442.80000000000285,D
2026-04-22 11:16:00,442.80000000000285,D
2026-04-22 11:36:00,442.80000000000285,D
2026-04-23 09:27:00,442.80000000000285,D
2026-04-23 11:08:00,442.80000000000285,D
2026-04-23 13:38:00,442.80000000000285,D
2026-04-23 13:42:00,-1407.2000000000057,D
2026-04-27 13:34:00,-317.19755859375,D
2026-04-28 09:05:00,182.80244140625,D
2026-05-01 09:03:00,442.80000000000285,D
2026-05-01 09:21:00,442.80000000000285,D
2026-05-01 09:34:00,442.80000000000285,D
2026-05-01 10:14:00,-1407.2000000000057,D
2026-05-04 09:07:00,442.80000000000285,D
2026-05-04 10:22:00,-1407.2000000000057,D
2026-05-05 11:21:00,-127.20274658203125,D
2026-05-06 13:03:00,442.80000000000285,D
2026-05-07 09:59:00,442.80000000000285,D
2026-05-07 12:24:00,442.80000000000285,D
2026-05-07 13:40:00,442.80000000000285,D
2026-05-11 13:01:00,442.80000000000285,D
2026-05-14 10:50:00,442.80000000000285,D
2026-05-14 10:59:00,-1407.2000000000057,D
2026-05-19 10:50:00,442.80000000000285,D
2026-05-21 09:53:00,442.80000000000285,D
2026-05-21 10:25:00,442.80000000000285,D
2026-05-21 13:21:00,442.80000000000285,D
2026-05-21 13:45:00,442.80000000000285,D
2026-05-21 13:52:00,-207.1969482421875,D
2026-05-22 11:31:00,442.80000000000285,D
2026-05-25 10:21:00,442.80000000000285,D
2026-05-25 12:48:00,442.80000000000285,D
2026-05-26 10:06:00,442.80000000000285,D
2026-05-27 09:02:00,442.80000000000285,D
2026-05-27 13:42:00,-187.20030517578124,D
2026-05-28 09:45:00,442.80000000000285,D
2026-05-28 12:47:00,-537.198779296875,D
2026-06-01 10:13:00,442.80000000000285,D
2026-06-01 12:55:00,442.80000000000285,D
2026-06-02 09:30:00,442.80000000000285,D
2026-06-02 12:19:00,442.80000000000285,D
2026-06-03 10:43:00,442.80000000000285,D
2026-06-03 13:14:00,-7.2,D
2026-06-04 10:25:00,442.80000000000285,D
2026-06-05 09:12:00,442.80000000000285,D
2026-06-05 10:31:00,442.80000000000285,D
2026-06-05 12:27:00,42.8030517578125,D
2026-06-08 09:35:00,-1407.2000000000057,D
2026-06-08 11:23:00,442.80000000000285,D
2026-07-14 11:34:00,442.80000000000285,D
2026-07-14 11:53:00,-967.1990844726563,D
2026-07-24 11:47:00,442.80000000000285,D
2026-07-27 10:07:00,442.80000000000285,D
2026-07-27 12:35:00,-247.2054931640625,D
2026-07-28 09:33:00,442.80000000000285,D
2026-07-28 11:21:00,442.80000000000285,D
2026-07-28 11:55:00,442.80000000000285,D
2026-07-29 11:31:00,442.80000000000285,D
2026-07-29 12:27:00,-387.19725341796874,D
2026-07-31 09:03:00,442.80000000000285,D
2026-07-31 11:35:00,442.80000000000285,D
2026-07-31 11:49:00,442.80000000000285,D
2026-08-03 10:32:00,442.80000000000285,D
2026-08-03 13:03:00,42.8030517578125,D
2026-08-05 09:05:00,442.80000000000285,D
2026-08-05 12:51:00,442.80000000000285,D
2026-08-07 09:23:00,442.80000000000285,D
2026-08-07 10:08:00,442.80000000000285,D
2026-08-11 10:04:00,442.80000000000285,D
2026-08-11 11:33:00,352.8006103515625,D
2026-09-18 10:49:00,442.80000000000285,D
2026-09-21 10:29:00,442.80000000000285,D
2026-09-22 09:14:00,-1407.2000000000057,D
2026-09-22 10:48:00,442.80000000000285,D
2026-09-22 13:56:00,272.798779296875,D
