signal_time_ny,entry_time_ny,direction,entry,pnl_net,year,atr5,prev_session_mom
2016-02-05 09:00:00,2016-02-05 09:01:00,1,31.52,442.79999999999933,2016,240.40000000000003,-101.99999999999996
2016-02-08 11:15:00,2016-02-08 11:16:00,1,30.27,-387.19999999999897,2016,241.80000000000013,-64.00000000000006
2016-02-09 13:06:00,2016-02-09 13:07:00,1,28.42,-337.2000000000018,2016,220.2000000000001,-84.99999999999979
2016-02-17 09:23:00,2016-02-17 09:24:00,1,29.61,442.79999999999933,2016,203.00000000000006,-92.99999999999997
2016-11-16 10:38:00,2016-11-16 10:39:00,-1,46.09,442.80000000000285,2016,200.4000000000002,199.0000000000002
2018-06-25 09:14:00,2018-06-25 09:15:00,-1,69.17,442.80000000000285,2018,220.79999999999941,334.99999999999943
2018-06-27 11:02:00,2018-06-27 11:03:00,-1,72.66,-207.20000000000283,2018,239.19999999999953,247.0000000000013
2018-07-12 09:39:00,2018-07-12 09:40:00,1,70.2,442.80000000000285,2018,214.40000000000023,-359.00000000000034
2018-07-17 10:29:00,2018-07-17 10:30:00,1,67.31,442.80000000000285,2018,248.1999999999999,-251.9999999999996
2018-11-20 09:42:00,2018-11-20 09:43:00,-1,56.13,442.80000000000285,2018,257.1999999999998,35.00000000000014
2018-12-03 11:55:00,2018-12-03 11:56:00,1,52.22,442.80000000000285,2018,233.2000000000002,-55.000000000000426
2018-12-06 12:23:00,2018-12-06 12:24:00,-1,51.18,-187.1999999999997,2018,223.00000000000009,32.99999999999983
2019-01-04 09:27:00,2019-01-04 09:28:00,-1,48.23,442.80000000000285,2019,230.00000000000014,57.00000000000003
2019-01-07 09:34:00,2019-01-07 09:35:00,-1,48.65,-1007.2,2019,234.8,141.00000000000037
2019-01-07 10:59:00,2019-01-07 11:00:00,-1,49.69,442.80000000000285,2019,234.8,141.00000000000037
2019-07-19 09:33:00,2019-07-19 09:34:00,1,55.73,182.80000000000484,2019,205.40000000000003,-94.99999999999957
2019-08-05 12:41:00,2019-08-05 12:42:00,-1,55.49,442.80000000000285,2019,202.19999999999985,64.99999999999986
2019-08-06 09:02:00,2019-08-06 09:03:00,1,54.67,442.80000000000285,2019,204.19999999999987,-37.000000000000455
2019-08-13 11:11:00,2019-08-13 11:12:00,-1,56.95,2.8000000000051157,2019,213.80000000000024,46.000000000000085
2019-09-13 13:36:00,2019-09-13 13:37:00,1,55.05,-57.19999999999716,2019,205.79999999999995,-81.00000000000023
2020-01-13 11:25:00,2020-01-13 11:26:00,1,58.15,152.8000000000037,2020,244.00000000000017,-49.0000000000002
2020-03-23 14:03:00,2020-03-23 14:04:00,1,22.23,442.79999999999933,2020,580.2,-194.99999999999994
2020-03-24 14:26:00,2020-03-24 14:27:00,-1,23.98,72.80000000000184,2020,532.6,126.00000000000016
2020-04-06 09:44:00,2020-04-06 09:45:00,-1,27.39,442.79999999999933,2020,348.59999999999997,419.0000000000001
2020-04-08 10:30:00,2020-04-08 10:31:00,1,24.7,442.79999999999933,2020,410.9999999999999,-207.99999999999983
2020-04-09 09:45:00,2020-04-09 09:46:00,-1,26.77,442.79999999999933,2020,432.19999999999993,184.0
2020-04-16 10:00:00,2020-04-16 10:01:00,1,20.05,-237.20000000000041,2020,320.5999999999999,-57.00000000000003
2020-04-20 09:01:00,2020-04-20 09:02:00,1,22.04,442.79999999999933,2020,216.99999999999991,-128.0000000000001
2020-04-20 11:15:00,2020-04-20 11:16:00,1,22.68,-627.2000000000011,2020,216.99999999999991,-128.0000000000001
2020-04-27 13:38:00,2020-04-27 13:39:00,-1,13.68,442.79999999999933,2020,679.4,39.99999999999986
2020-04-29 09:11:00,2020-04-29 09:12:00,-1,15.59,442.79999999999933,2020,437.5999999999999,30.999999999999872
2020-04-29 10:30:00,2020-04-29 10:31:00,-1,15.61,-1007.2,2020,437.5999999999999,30.999999999999872
2020-05-01 11:29:00,2020-05-01 11:30:00,-1,19.27,442.79999999999933,2020,382.99999999999994,344.99999999999994
2020-05-01 13:49:00,2020-05-01 13:50:00,-1,19.8,72.80000000000184,2020,382.99999999999994,344.99999999999994
2020-05-04 10:03:00,2020-05-04 10:04:00,-1,20.11,442.79999999999933,2020,384.6,65.00000000000021
2020-05-06 12:25:00,2020-05-06 12:26:00,-1,23.51,132.80000000000058,2020,364.8,404.0000000000003
2020-05-07 12:18:00,2020-05-07 12:19:00,1,25.03,-1007.2,2020,352.6,-142.99999999999997
2020-05-08 10:45:00,2020-05-08 10:46:00,1,23.91,442.79999999999933,2020,348.7999999999999,-69.99999999999993
2020-05-13 11:23:00,2020-05-13 11:24:00,-1,25.57,442.79999999999933,2020,258.99999999999983,85.00000000000014
2020-06-11 13:44:00,2020-06-11 13:45:00,-1,36.56,-7.2,2020,211.19999999999982,56.00000000000023
2020-06-15 10:58:00,2020-06-15 10:59:00,-1,35.57,-1007.2,2020,257.60000000000014,30.000000000000426
2020-06-30 13:20:00,2020-06-30 13:21:00,-1,39.99,312.8000000000003,2020,224.0,167.00000000000017
2020-11-04 11:01:00,2020-11-04 11:02:00,-1,38.89,442.80000000000285,2020,230.59999999999982,111.99999999999974
2020-11-13 11:07:00,2020-11-13 11:08:00,1,40.25,42.799999999997155,2020,224.2000000000001,-54.999999999999716
2021-03-01 09:17:00,2021-03-01 09:18:00,1,61.6,-1007.2,2021,233.1999999999999,-180.00000000000043
2021-03-01 13:15:00,2021-03-01 13:16:00,1,60.07,442.80000000000285,2021,233.1999999999999,-180.00000000000043
2021-03-15 09:01:00,2021-03-15 09:02:00,1,65.13,-1007.2,2021,201.79999999999976,-39.99999999999915
2021-03-23 10:41:00,2021-03-23 10:42:00,1,58.94,-1007.2,2021,289.0,-31.000000000000227
2021-03-23 14:48:00,2021-03-23 14:49:00,1,57.59,-27.200000000003126,2021,289.0,-31.000000000000227
2021-03-25 11:33:00,2021-03-25 11:34:00,-1,58.23,442.80000000000285,2021,384.5999999999999,346.0000000000001
2021-03-29 10:28:00,2021-03-29 10:29:00,-1,60.54,-937.1999999999998,2021,326.00000000000006,224.0000000000002
2021-03-30 09:17:00,2021-03-30 09:18:00,-1,60.57,112.79999999999744,2021,339.4000000000002,67.99999999999997
2021-03-31 09:27:00,2021-03-31 09:28:00,1,60.07,442.80000000000285,2021,304.0000000000003,-157.00000000000003
2021-03-31 13:50:00,2021-03-31 13:51:00,1,59.3,442.80000000000285,2021,304.0000000000003,-157.00000000000003
2021-04-01 11:25:00,2021-04-01 11:26:00,1,59.21,442.80000000000285,2021,269.4000000000002,-102.00000000000031
2021-04-06 12:15:00,2021-04-06 12:16:00,1,59.78,-527.2000000000032,2021,275.4000000000002,-271.0000000000001
2021-04-08 11:40:00,2021-04-08 11:41:00,-1,59.74,442.80000000000285,2021,265.6,30.000000000000426
2021-04-12 12:25:00,2021-04-12 12:26:00,1,59.59,92.79999999999431,2021,200.59999999999997,-41.99999999999946
2021-05-20 10:10:00,2021-05-20 10:11:00,1,62.54,442.80000000000285,2021,257.79999999999995,-193.99999999999977
2021-07-07 09:45:00,2021-07-07 09:46:00,1,73.51,-1007.2,2021,220.80000000000035,-253.9999999999992
2021-07-07 10:30:00,2021-07-07 10:31:00,1,71.35,442.80000000000285,2021,220.80000000000035,-253.9999999999992
2021-07-08 09:45:00,2021-07-08 09:46:00,1,71.41,442.80000000000285,2021,270.20000000000033,-171.9999999999999
2021-07-16 10:10:00,2021-07-16 10:11:00,1,70.54,442.80000000000285,2021,208.79999999999987,-146.9999999999999
2021-08-23 09:00:00,2021-08-23 09:01:00,1,64.23,442.80000000000285,2021,227.39999999999986,-178.99999999999991
2021-10-28 11:10:00,2021-10-28 11:11:00,1,82.04,442.80000000000285,2021,241.19999999999942,-232.00000000000074
2021-11-04 14:01:00,2021-11-04 14:02:00,1,79.61,-1007.2,2021,239.59999999999974,-295.9999999999994
2021-11-29 09:51:00,2021-11-29 09:52:00,1,72.2,-1007.2,2021,377.39999999999975,-992.9999999999993
2021-12-07 11:03:00,2021-12-07 11:04:00,-1,72.84,442.80000000000285,2021,470.99999999999983,301.0000000000005
2021-12-10 10:58:00,2021-12-10 10:59:00,1,71.45,112.79999999999033,2021,312.0000000000004,-190.99999999999966
2021-12-17 11:32:00,2021-12-17 11:33:00,-1,71.08,442.80000000000285,2021,219.19999999999982,46.999999999999886
2022-02-17 10:31:00,2022-02-17 10:32:00,1,89.62,442.80000000000285,2022,428.5999999999998,-158.99999999999892
2022-02-25 11:02:00,2022-02-25 11:03:00,-1,91.85,442.80000000000285,2022,475.2,48.0000000000004
2022-02-25 12:07:00,2022-02-25 12:08:00,-1,91.42,442.80000000000285,2022,475.2,48.0000000000004
2022-03-14 14:19:00,2022-03-14 14:20:00,-1,102.13,-1007.2,2022,1314.0,310.00000000000085
2022-03-15 13:26:00,2022-03-15 13:27:00,1,96.78,-1007.2,2022,1214.0,-737.9999999999995
2022-03-16 14:19:00,2022-03-16 14:20:00,1,95.59,-1007.2,2022,1147.6,-709.9999999999994
2022-03-18 10:29:00,2022-03-18 10:30:00,-1,102.45,442.80000000000285,2022,787.1999999999998,828.0000000000001
2022-03-18 14:12:00,2022-03-18 14:13:00,-1,103.23,442.80000000000285,2022,787.1999999999998,828.0000000000001
2022-03-28 12:34:00,2022-03-28 12:35:00,-1,108.31,442.80000000000285,2022,667.0000000000001,84.99999999999943
2022-03-29 12:59:00,2022-03-29 13:00:00,1,102.9,442.80000000000285,2022,696.8000000000003,-943.0000000000007
2022-03-30 09:01:00,2022-03-30 09:02:00,-1,107.97,442.80000000000285,2022,759.8000000000004,168.99999999999977
2022-03-31 12:39:00,2022-03-31 12:40:00,-1,104.06,442.80000000000285,2022,703.4000000000003,221.9999999999999
2022-04-04 11:12:00,2022-04-04 11:13:00,1,102.69,442.80000000000285,2022,716.2000000000003,-181.00000000000023
2022-04-06 09:27:00,2022-04-06 09:28:00,1,102.02,442.80000000000285,2022,558.2000000000002,-228.0000000000001
2022-04-12 13:51:00,2022-04-12 13:52:00,1,100.36,52.80000000000227,2022,561.3999999999994,-321.9999999999999
2022-04-13 10:54:00,2022-04-13 10:55:00,-1,102.46,442.80000000000285,2022,577.3999999999991,581.0000000000002
2022-04-18 09:05:00,2022-04-18 09:06:00,-1,107.27,442.80000000000285,2022,513.7999999999993,234.00000000000034
2022-04-18 13:07:00,2022-04-18 13:08:00,-1,109.08,442.80000000000285,2022,513.7999999999993,234.00000000000034
2022-04-19 13:16:00,2022-04-19 13:17:00,-1,102.29,-487.19999999998976,2022,519.7999999999992,56.00000000000023
2022-04-20 10:12:00,2022-04-20 10:13:00,1,101.83,442.80000000000285,2022,545.1999999999995,-465.99999999999966
2022-04-22 12:26:00,2022-04-22 12:27:00,-1,102.3,442.80000000000285,2022,472.7999999999996,153.0000000000001
2022-04-27 13:50:00,2022-04-27 13:51:00,-1,101.77,-547.2000000000063,2022,452.7999999999996,306.9999999999993
2022-05-09 12:17:00,2022-05-09 12:18:00,-1,104.59,442.80000000000285,2022,477.6000000000001,190.99999999999966
2022-05-10 13:15:00,2022-05-10 13:16:00,1,99.43,442.80000000000285,2022,531.6000000000001,-808.0000000000013
2022-05-12 10:17:00,2022-05-12 10:18:00,-1,106.37,-1007.2,2022,615.2,659.0000000000003
2022-05-12 13:58:00,2022-05-12 13:59:00,-1,105.52,-17.200000000005115,2022,615.2,659.0000000000003
2022-05-13 10:13:00,2022-05-13 10:14:00,-1,109.31,-1007.2,2022,611.0000000000002,100.0
2022-05-13 12:28:00,2022-05-13 12:29:00,-1,110.4,442.80000000000285,2022,611.0000000000002,100.0
2022-05-23 11:15:00,2022-05-23 11:16:00,-1,110.34,442.80000000000285,2022,535.2000000000004,108.99999999999892
2022-05-26 12:21:00,2022-05-26 12:22:00,-1,114.63,442.80000000000285,2022,358.20000000000016,34.99999999999943
2022-06-13 10:31:00,2022-06-13 10:32:00,1,118.6,-1007.2,2022,336.19999999999993,-98.99999999999949
2022-06-22 10:13:00,2022-06-22 10:14:00,-1,103.0,-1007.2,2022,519.1999999999997,79.00000000000063
2022-06-22 10:34:00,2022-06-22 10:35:00,-1,104.43,442.80000000000285,2022,519.1999999999997,79.00000000000063
2022-06-22 11:27:00,2022-06-22 11:28:00,-1,105.34,-1007.2,2022,519.1999999999997,79.00000000000063
2022-06-22 12:02:00,2022-06-22 12:03:00,-1,106.35,442.80000000000285,2022,519.1999999999997,79.00000000000063
2022-06-23 10:50:00,2022-06-23 10:51:00,1,105.02,442.80000000000285,2022,583.5999999999997,-524.0000000000009
2022-06-23 13:04:00,2022-06-23 13:05:00,1,103.83,442.80000000000285,2022,583.5999999999997,-524.0000000000009
2022-06-24 09:32:00,2022-06-24 09:33:00,1,105.55,442.80000000000285,2022,562.8,-39.00000000000006
2022-06-24 11:56:00,2022-06-24 11:57:00,1,107.5,-1007.2,2022,562.8,-39.00000000000006
2022-06-27 10:17:00,2022-06-27 10:18:00,-1,108.03,-1007.2,2022,458.0,307.00000000000074
2022-06-27 11:00:00,2022-06-27 11:01:00,-1,109.33,442.80000000000285,2022,458.0,307.00000000000074
2022-06-27 12:16:00,2022-06-27 12:17:00,-1,109.39,442.80000000000285,2022,458.0,307.00000000000074
2022-06-27 12:55:00,2022-06-27 12:56:00,-1,110.26,442.80000000000285,2022,458.0,307.00000000000074
2022-06-30 10:07:00,2022-06-30 10:08:00,1,107.46,-1007.2,2022,440.8,-223.0000000000004
2022-07-01 09:36:00,2022-07-01 09:37:00,1,108.18,-1007.2,2022,453.20000000000016,-368.9999999999998
2022-07-01 12:48:00,2022-07-01 12:49:00,1,108.07,442.80000000000285,2022,453.20000000000016,-368.9999999999998
2022-07-04 10:36:00,2022-07-04 10:37:00,-1,110.58,442.80000000000285,2022,450.00000000000017,244.99999999999886
2022-07-05 12:27:00,2022-07-05 12:28:00,-1,99.48,442.80000000000285,2022,421.5999999999999,185.99999999999994
2022-07-11 10:48:00,2022-07-11 10:49:00,-1,103.0,442.80000000000285,2022,724.3999999999999,257.99999999999983
2022-07-12 10:02:00,2022-07-12 10:03:00,1,97.22,-1007.2,2022,737.1999999999999,-133.00000000000125
2022-07-12 13:00:00,2022-07-12 13:01:00,1,96.02,442.80000000000285,2022,737.1999999999999,-133.00000000000125
2022-07-18 09:25:00,2022-07-18 09:26:00,-1,98.74,182.79999999999774,2022,549.7999999999998,117.99999999999926
2022-07-19 10:27:00,2022-07-19 10:28:00,-1,99.1,442.80000000000285,2022,601.4,451.9999999999996
2022-07-19 11:38:00,2022-07-19 11:39:00,-1,99.0,-1007.2,2022,601.4,451.9999999999996
2022-07-19 12:43:00,2022-07-19 12:44:00,-1,100.49,-237.20000000000397,2022,601.4,451.9999999999996
2022-07-20 09:31:00,2022-07-20 09:32:00,-1,99.21,442.80000000000285,2022,528.0,154.99999999999972
2022-07-20 10:55:00,2022-07-20 10:56:00,-1,99.82,442.80000000000285,2022,528.0,154.99999999999972
2022-07-20 12:13:00,2022-07-20 12:14:00,-1,100.37,442.80000000000285,2022,528.0,154.99999999999972
2022-07-21 09:11:00,2022-07-21 09:12:00,1,95.92,442.80000000000285,2022,493.40000000000026,-53.000000000000114
2022-07-21 12:36:00,2022-07-21 12:37:00,1,96.74,442.80000000000285,2022,493.40000000000026,-53.000000000000114
2022-07-22 13:25:00,2022-07-22 13:26:00,1,95.67,-147.20000000000056,2022,472.6000000000001,-332.99999999999983
2022-07-26 10:30:00,2022-07-26 10:31:00,-1,97.93,442.80000000000285,2022,401.59999999999957,135.00000000000085
2022-07-29 12:33:00,2022-07-29 12:34:00,1,99.84,-1007.2,2022,399.5999999999997,-87.00000000000045
2022-08-09 13:00:00,2022-08-09 13:01:00,-1,89.83,-1007.2,2022,436.8,203.0000000000001
2022-08-12 11:12:00,2022-08-12 11:13:00,-1,92.31,442.80000000000285,2022,392.00000000000034,243.99999999999977
2022-08-22 11:24:00,2022-08-22 11:25:00,1,88.63,442.80000000000285,2022,426.5999999999998,-37.999999999999545
2022-08-24 11:03:00,2022-08-24 11:04:00,-1,94.76,442.80000000000285,2022,393.59999999999974,321.9999999999999
2022-08-24 12:30:00,2022-08-24 12:31:00,-1,94.95,442.80000000000285,2022,393.59999999999974,321.9999999999999
2022-08-25 09:27:00,2022-08-25 09:28:00,-1,95.58,442.80000000000285,2022,380.1999999999997,159.00000000000034
2022-08-26 09:30:00,2022-08-26 09:31:00,1,91.98,442.80000000000285,2022,367.39999999999975,-232.99999999999983
2022-08-30 11:01:00,2022-08-30 11:02:00,-1,93.25,442.80000000000285,2022,357.9999999999997,398.0000000000004
2022-09-01 09:38:00,2022-09-01 09:39:00,1,87.4,442.80000000000285,2022,461.3999999999998,-346.0000000000008
2022-09-01 10:46:00,2022-09-01 10:47:00,1,87.33,-1007.2,2022,461.3999999999998,-346.0000000000008
2022-09-01 13:56:00,2022-09-01 13:57:00,1,86.33,-207.20000000000283,2022,461.3999999999998,-346.0000000000008
2022-09-02 09:43:00,2022-09-02 09:44:00,1,88.76,-1007.2,2022,464.99999999999966,-245.99999999999937
2022-09-02 13:34:00,2022-09-02 13:35:00,1,87.41,-637.1999999999955,2022,464.99999999999966,-245.99999999999937
2022-09-06 10:58:00,2022-09-06 10:59:00,-1,87.03,442.80000000000285,2022,442.39999999999975,197.99999999999898
2022-09-12 09:59:00,2022-09-12 10:00:00,-1,88.48,442.80000000000285,2022,413.6,329.9999999999997
2022-09-14 11:30:00,2022-09-14 11:31:00,1,88.81,442.80000000000285,2022,439.80000000000007,-45.000000000000284
2022-09-15 12:41:00,2022-09-15 12:42:00,-1,85.48,102.79999999999943,2022,394.79999999999984,104.00000000000063
2022-09-16 09:36:00,2022-09-16 09:37:00,1,84.87,442.80000000000285,2022,426.19999999999993,-379.9999999999997
2022-09-16 10:48:00,2022-09-16 10:49:00,1,85.25,442.80000000000285,2022,426.19999999999993,-379.9999999999997
2022-09-16 11:44:00,2022-09-16 11:45:00,1,85.52,-1007.2,2022,426.19999999999993,-379.9999999999997
2022-10-04 10:49:00,2022-10-04 10:50:00,-1,86.25,-407.2000000000057,2022,371.8,232.00000000000074
2022-10-05 09:07:00,2022-10-05 09:08:00,-1,87.37,442.80000000000285,2022,385.2,315.00000000000057
2022-10-05 10:46:00,2022-10-05 10:47:00,-1,87.38,-1007.2,2022,385.2,315.00000000000057
2022-10-19 10:35:00,2022-10-19 10:36:00,1,82.79,442.80000000000285,2022,383.1999999999998,-198.0000000000004
2022-10-25 11:30:00,2022-10-25 11:31:00,1,85.04,442.80000000000285,2022,331.0000000000001,-34.99999999999943
2022-11-01 09:38:00,2022-11-01 09:39:00,1,88.52,-1007.2,2022,294.60000000000025,-218.00000000000068
2022-11-02 11:21:00,2022-11-02 11:22:00,-1,89.62,52.80000000000227,2022,305.8000000000003,213.99999999999864
2022-11-14 10:02:00,2022-11-14 10:03:00,-1,88.13,442.80000000000285,2022,345.99999999999926,259.00000000000034
2022-11-15 09:41:00,2022-11-15 09:42:00,1,84.69,442.80000000000285,2022,372.99999999999943,-381.0000000000002
2022-11-16 12:42:00,2022-11-16 12:43:00,-1,85.09,-287.2000000000011,2022,392.39999999999947,156.99999999999932
2022-11-30 09:03:00,2022-11-30 09:04:00,-1,81.12,442.80000000000285,2022,354.4000000000002,236.99999999999903
2022-12-02 09:57:00,2022-12-02 09:58:00,-1,81.92,442.80000000000285,2022,353.4,100.99999999999909
2022-12-02 11:42:00,2022-12-02 11:43:00,-1,81.56,442.80000000000285,2022,353.4,100.99999999999909
2022-12-05 11:25:00,2022-12-05 11:26:00,1,79.3,-1007.2,2022,331.1999999999997,-112.99999999999955
2022-12-15 12:07:00,2022-12-15 12:08:00,-1,76.19,-477.19999999999885,2022,338.1999999999998,215.00000000000057
2022-12-20 12:48:00,2022-12-20 12:49:00,-1,75.24,-1007.2,2022,284.79999999999984,123.99999999999949
2022-12-22 09:03:00,2022-12-22 09:04:00,-1,79.44,442.80000000000285,2022,270.7999999999997,243.00000000000068
2022-12-22 11:28:00,2022-12-22 11:29:00,-1,78.42,442.80000000000285,2022,270.7999999999997,243.00000000000068
2022-12-27 11:11:00,2022-12-27 11:12:00,-1,80.66,442.80000000000285,2022,262.7999999999999,116.99999999999875
2022-12-29 11:00:00,2022-12-29 11:01:00,1,77.67,442.80000000000285,2022,253.40000000000023,-103.00000000000011
2023-01-10 11:38:00,2023-01-10 11:39:00,-1,75.2,-507.2,2023,351.0000000000001,140.00000000000057
2023-01-25 09:33:00,2023-01-25 09:34:00,1,80.14,442.80000000000285,2023,252.7999999999999,-135.99999999999994
2023-02-01 10:37:00,2023-02-01 10:38:00,-1,78.86,442.80000000000285,2023,259.3999999999999,112.00000000000045
2023-02-08 09:00:00,2023-02-08 09:01:00,-1,78.2,442.80000000000285,2023,327.20000000000016,302.000000000001
2023-02-08 10:56:00,2023-02-08 10:57:00,-1,77.87,442.80000000000285,2023,327.20000000000016,302.000000000001
2023-02-14 10:40:00,2023-02-14 10:41:00,1,78.88,442.80000000000285,2023,241.8,-78.00000000000011
2023-03-08 11:04:00,2023-03-08 11:05:00,1,76.31,442.80000000000285,2023,266.99999999999983,-329.0000000000006
2023-03-08 12:00:00,2023-03-08 12:01:00,1,76.4,442.80000000000285,2023,266.99999999999983,-329.0000000000006
2023-03-09 13:20:00,2023-03-09 13:21:00,1,76.35,-687.1999999999927,2023,264.80000000000007,-83.99999999999892
2023-03-20 09:55:00,2023-03-20 09:56:00,1,65.98,442.80000000000285,2023,486.4000000000001,-193.99999999999977
2023-03-21 09:51:00,2023-03-21 09:52:00,-1,69.35,442.80000000000285,2023,453.8000000000002,90.99999999999966
2023-03-21 14:27:00,2023-03-21 14:28:00,-1,69.65,172.80000000000683,2023,453.8000000000002,90.99999999999966
2023-03-28 10:59:00,2023-03-28 11:00:00,-1,73.13,-507.2,2023,306.99999999999983,346.9999999999999
2023-03-29 12:49:00,2023-03-29 12:50:00,-1,73.25,442.80000000000285,2023,284.4000000000002,71.99999999999989
2023-03-31 09:06:00,2023-03-31 09:07:00,-1,74.92,442.80000000000285,2023,258.00000000000006,139.00000000000006
2023-04-25 12:33:00,2023-04-25 12:34:00,-1,77.53,442.80000000000285,2023,210.99999999999983,71.0000000000008
2023-04-27 11:11:00,2023-04-27 11:12:00,1,74.24,442.80000000000285,2023,253.60000000000005,-273.9999999999995
2023-04-28 12:06:00,2023-04-28 12:07:00,-1,76.65,-127.19999999999034,2023,236.60000000000014,43.99999999999977
2023-05-01 09:33:00,2023-05-01 09:34:00,-1,75.23,442.80000000000285,2023,263.0,171.9999999999999
2023-05-02 09:43:00,2023-05-02 09:44:00,1,73.87,-1007.2,2023,256.9999999999998,-90.99999999999966
2023-05-09 09:43:00,2023-05-09 09:44:00,-1,72.77,442.80000000000285,2023,414.1999999999998,145.00000000000028
2023-05-10 10:08:00,2023-05-10 10:09:00,-1,72.69,442.80000000000285,2023,369.19999999999976,68.99999999999977
2023-05-12 10:51:00,2023-05-12 10:52:00,1,70.78,-767.2000000000052,2023,267.5999999999998,-134.99999999999943
2023-05-19 10:48:00,2023-05-19 10:49:00,1,72.04,-837.2000000000126,2023,202.7999999999999,-78.9999999999992
2023-06-07 09:37:00,2023-06-07 09:38:00,1,72.14,442.80000000000285,2023,278.39999999999964,-53.999999999999204
2023-06-08 12:29:00,2023-06-08 12:30:00,-1,70.48,442.80000000000285,2023,268.7999999999996,89.99999999999915
2023-06-08 12:56:00,2023-06-08 12:57:00,-1,70.82,-637.2000000000097,2023,268.7999999999996,89.99999999999915
2023-06-22 10:12:00,2023-06-22 10:13:00,-1,70.35,442.80000000000285,2023,216.99999999999977,146.9999999999999
2023-06-29 09:07:00,2023-06-29 09:08:00,-1,69.65,442.80000000000285,2023,255.00000000000045,114.00000000000006
2023-06-30 10:26:00,2023-06-30 10:27:00,-1,70.67,442.80000000000285,2023,214.00000000000028,53.000000000000114
2023-07-19 11:23:00,2023-07-19 11:24:00,-1,76.51,442.80000000000285,2023,200.20000000000033,162.99999999999955
2023-07-20 11:48:00,2023-07-20 11:49:00,1,74.76,442.80000000000285,2023,207.60000000000036,-35.99999999999994
2023-08-18 09:39:00,2023-08-18 09:40:00,-1,80.42,442.80000000000285,2023,200.79999999999976,81.00000000000023
2023-10-02 10:51:00,2023-10-02 10:52:00,1,88.91,442.80000000000285,2023,290.1999999999997,-99.00000000000091
2023-10-11 09:00:00,2023-10-11 09:01:00,1,85.07,442.80000000000285,2023,283.39999999999964,-47.00000000000131
2023-10-11 10:37:00,2023-10-11 10:38:00,1,83.51,442.80000000000285,2023,283.39999999999964,-47.00000000000131
2023-10-12 13:52:00,2023-10-12 13:53:00,1,82.62,2.799999999990905,2023,242.79999999999964,-266.99999999999875
2023-10-20 09:00:00,2023-10-20 09:01:00,-1,89.38,442.80000000000285,2023,301.2000000000003,193.99999999999977
2023-10-23 10:15:00,2023-10-23 10:16:00,1,86.93,442.80000000000285,2023,258.0,-79.00000000000063
2023-10-23 12:45:00,2023-10-23 12:46:00,1,85.88,-117.19999999999943,2023,258.0,-79.00000000000063
2023-11-01 13:25:00,2023-11-01 13:26:00,1,81.24,-667.1999999999966,2023,308.4000000000005,-124.00000000000091
2023-11-06 13:43:00,2023-11-06 13:44:00,1,81.41,32.80000000000625,2023,306.8000000000003,-168.99999999999977
2023-11-14 09:43:00,2023-11-14 09:44:00,-1,79.32,442.80000000000285,2023,267.6000000000001,135.99999999999994
2023-11-16 10:03:00,2023-11-16 10:04:00,1,73.84,442.80000000000285,2023,224.7999999999998,-159.00000000000034
2023-11-30 09:30:00,2023-11-30 09:31:00,-1,78.86,442.80000000000285,2023,210.00000000000017,115.99999999999966
2023-11-30 12:40:00,2023-11-30 12:41:00,-1,76.51,442.80000000000285,2023,210.00000000000017,115.99999999999966
2023-12-01 13:32:00,2023-12-01 13:33:00,1,74.53,-227.19999999999885,2023,270.80000000000007,-214.00000000000006
2023-12-18 12:24:00,2023-12-18 12:25:00,-1,73.74,442.80000000000285,2023,244.39999999999986,48.99999999999949
2024-01-12 09:45:00,2024-01-12 09:46:00,-1,74.46,442.80000000000285,2024,270.6000000000002,151.9999999999996
2024-01-30 10:18:00,2024-01-30 10:19:00,1,76.91,442.80000000000285,2024,223.20000000000041,-192.00000000000017
2024-02-02 11:01:00,2024-02-02 11:02:00,1,72.3,182.79999999999774,2024,264.2000000000004,-203.9999999999992
2024-02-07 09:35:00,2024-02-07 09:36:00,-1,73.88,442.80000000000285,2024,237.59999999999982,68.99999999999977
2024-03-07 11:25:00,2024-03-07 11:26:00,-1,78.97,-87.1999999999983,2024,212.7999999999999,96.99999999999989
2024-04-19 09:05:00,2024-04-19 09:06:00,1,81.5,442.80000000000285,2024,214.20000000000036,-89.00000000000006
2024-04-24 09:00:00,2024-04-24 09:01:00,-1,83.18,442.80000000000285,2024,268.8000000000004,127.00000000000102
2024-04-25 09:15:00,2024-04-25 09:16:00,1,82.3,442.80000000000285,2024,235.00000000000017,-56.00000000000023
2024-04-26 09:00:00,2024-04-26 09:01:00,-1,84.18,442.80000000000285,2024,235.20000000000027,93.99999999999977
2024-07-23 09:16:00,2024-07-23 09:17:00,1,77.56,-1007.2,2024,206.99999999999977,-71.0000000000008
2024-07-26 10:48:00,2024-07-26 10:49:00,-1,76.7,442.80000000000285,2024,205.99999999999955,84.99999999999943
2024-07-26 11:45:00,2024-07-26 11:46:00,-1,76.68,-557.1999999999972,2024,205.99999999999955,84.99999999999943
2024-08-07 09:25:00,2024-08-07 09:26:00,1,74.42,442.80000000000285,2024,311.7999999999997,-90.00000000000057
2024-08-07 12:55:00,2024-08-07 12:56:00,1,75.33,-177.2000000000017,2024,311.7999999999997,-90.00000000000057
2024-08-08 13:38:00,2024-08-08 13:39:00,-1,76.39,-37.20000000000114,2024,307.4,262.99999999999955
2024-08-27 13:18:00,2024-08-27 13:19:00,-1,75.59,52.80000000000227,2024,225.59999999999937,206.00000000000023
2024-09-30 10:20:00,2024-09-30 10:21:00,-1,68.16,-1007.2,2024,228.40000000000023,118.99999999999977
2024-10-01 09:00:00,2024-10-01 09:01:00,1,67.24,442.80000000000285,2024,217.00000000000009,-33.99999999999892
2024-10-15 09:32:00,2024-10-15 09:33:00,1,70.2,442.80000000000285,2024,328.99999999999966,-318.9999999999998
2024-10-15 11:19:00,2024-10-15 11:20:00,1,69.97,442.80000000000285,2024,328.99999999999966,-318.9999999999998
2024-10-16 11:22:00,2024-10-16 11:23:00,1,69.82,442.80000000000285,2024,261.8,-46.999999999999886
2024-10-22 09:56:00,2024-10-22 09:57:00,-1,71.42,442.80000000000285,2024,203.60000000000034,84.00000000000034
2024-10-23 09:06:00,2024-10-23 09:07:00,-1,70.76,-87.1999999999983,2024,210.20000000000027,135.00000000000085
2025-01-20 09:48:00,2025-01-20 09:49:00,1,76.21,442.80000000000285,2025,241.39999999999978,-53.999999999999204
2025-01-21 10:51:00,2025-01-21 10:52:00,1,75.88,-177.2000000000017,2025,227.60000000000008,-119.99999999999886
2025-02-05 12:05:00,2025-02-05 12:06:00,-1,71.17,82.80000000000341,2025,225.60000000000022,40.00000000000057
2025-04-24 10:48:00,2025-04-24 10:49:00,1,62.51,442.80000000000285,2025,235.8,-171.9999999999999
2025-05-07 12:58:00,2025-05-07 12:59:00,-1,58.42,212.79999999999887,2025,259.40000000000003,175.0
2025-05-08 10:54:00,2025-05-08 10:55:00,1,59.47,442.80000000000285,2025,257.9999999999999,-102.9999999999994
2025-05-14 11:45:00,2025-05-14 11:46:00,-1,63.18,-167.20000000000368,2025,227.99999999999972,163.00000000000026
2025-06-24 12:51:00,2025-06-24 12:52:00,1,64.2,442.80000000000285,2025,483.2000000000004,-1076.9999999999995
2025-08-05 10:13:00,2025-08-05 10:14:00,1,65.33,442.80000000000285,2025,239.0,-60.99999999999994
2025-08-06 09:56:00,2025-08-06 09:57:00,1,66.53,-1007.2,2025,201.59999999999985,-103.9999999999992
2026-02-03 09:34:00,2026-02-03 09:35:00,1,62.66,442.80000000000285,2026,260.1999999999999,-239.00000000000006
2026-02-03 13:08:00,2026-02-03 13:09:00,1,62.94,142.8000000000057,2026,260.1999999999999,-239.00000000000006
2026-02-04 12:30:00,2026-02-04 12:31:00,-1,64.62,-427.2000000000017,2026,272.1999999999997,161.99999999999974
2026-02-05 11:51:00,2026-02-05 11:52:00,-1,63.47,82.7999999999963,2026,295.5999999999998,67.00000000000017
2026-03-17 12:12:00,2026-03-17 12:13:00,1,95.28,442.80000000000285,2026,946.3999999999993,-671.0000000000008
2026-03-19 09:24:00,2026-03-19 09:25:00,-1,96.84,442.80000000000285,2026,765.7999999999994,378.0000000000001
2026-03-19 10:23:00,2026-03-19 10:24:00,-1,97.03,442.80000000000285,2026,765.7999999999994,378.0000000000001
2026-03-19 11:46:00,2026-03-19 11:47:00,-1,99.5,442.80000000000285,2026,765.7999999999994,378.0000000000001
2026-03-23 10:38:00,2026-03-23 10:39:00,-1,89.76,442.80000000000285,2026,741.8,363.00000000000097
2026-03-23 11:37:00,2026-03-23 11:38:00,-1,87.68,-1007.2,2026,741.8,363.00000000000097
2026-03-24 09:05:00,2026-03-24 09:06:00,1,91.62,442.80000000000285,2026,897.6,-1164.0
2026-03-25 12:25:00,2026-03-25 12:26:00,1,89.72,442.80000000000285,2026,946.2,-39.00000000000006
2026-03-26 10:55:00,2026-03-26 10:56:00,-1,93.77,-1007.2,2026,885.0000000000002,280.00000000000114
2026-03-27 10:30:00,2026-03-27 10:31:00,-1,97.87,442.80000000000285,2026,835.9999999999998,241.00000000000108
2026-03-27 12:25:00,2026-03-27 12:26:00,-1,98.34,-1007.2,2026,835.9999999999998,241.00000000000108
2026-04-01 13:49:00,2026-04-01 13:50:00,1,98.81,442.80000000000285,2026,670.5999999999997,-350.9999999999991
2026-04-08 09:01:00,2026-04-08 09:02:00,1,92.53,442.80000000000285,2026,910.7999999999998,-228.0000000000001
2026-04-08 13:02:00,2026-04-08 13:03:00,1,94.27,442.80000000000285,2026,910.7999999999998,-228.0000000000001
2026-04-09 09:30:00,2026-04-09 09:31:00,1,99.38,442.80000000000285,2026,1128.7999999999997,-1223.9999999999995
2026-04-09 11:34:00,2026-04-09 11:35:00,1,99.86,442.80000000000285,2026,1128.7999999999997,-1223.9999999999995
2026-04-09 12:04:00,2026-04-09 12:05:00,1,98.36,-1007.2,2026,1128.7999999999997,-1223.9999999999995
2026-04-09 13:10:00,2026-04-09 13:11:00,1,96.85,-1007.2,2026,1128.7999999999997,-1223.9999999999995
2026-04-09 13:39:00,2026-04-09 13:40:00,1,95.65,442.80000000000285,2026,1128.7999999999997,-1223.9999999999995
2026-04-10 10:43:00,2026-04-10 10:44:00,-1,98.36,-1007.2,2026,1141.6,120.00000000000028
2026-04-10 13:45:00,2026-04-10 13:46:00,-1,98.51,442.80000000000285,2026,1141.6,120.00000000000028
2026-04-13 12:26:00,2026-04-13 12:27:00,1,101.83,-1007.2,2026,910.3999999999999,-260.00000000000085
2026-04-13 13:03:00,2026-04-13 13:04:00,1,99.38,442.80000000000285,2026,910.3999999999999,-260.00000000000085
2026-04-13 13:19:00,2026-04-13 13:20:00,1,99.33,442.80000000000285,2026,910.3999999999999,-260.00000000000085
2026-04-15 11:42:00,2026-04-15 11:43:00,1,92.31,182.79999999999774,2026,920.7999999999996,-592.0000000000002
2026-04-16 11:04:00,2026-04-16 11:05:00,1,93.18,442.80000000000285,2026,684.7999999999998,-62.999999999999545
2026-04-20 09:28:00,2026-04-20 09:29:00,1,86.08,442.80000000000285,2026,763.3999999999999,-571.9999999999999
2026-04-22 10:58:00,2026-04-22 10:59:00,-1,92.2,442.80000000000285,2026,670.2,440.00000000000057
2026-04-23 09:35:00,2026-04-23 09:36:00,-1,94.08,442.80000000000285,2026,665.2,287.00000000000045
2026-04-23 11:31:00,2026-04-23 11:32:00,-1,93.69,-1007.2,2026,665.2,287.00000000000045
2026-04-23 13:10:00,2026-04-23 13:11:00,-1,95.83,-1007.2,2026,665.2,287.00000000000045
2026-04-24 12:18:00,2026-04-24 12:19:00,-1,94.01,442.80000000000285,2026,688.6,409.99999999999943
2026-04-27 09:11:00,2026-04-27 09:12:00,1,96.01,442.80000000000285,2026,564.5999999999997,-174.0000000000009
2026-04-28 12:16:00,2026-04-28 12:17:00,-1,100.07,442.80000000000285,2026,543.1999999999998,108.00000000000125
2026-04-28 13:24:00,2026-04-28 13:25:00,-1,100.29,62.80000000000739,2026,543.1999999999998,108.00000000000125
2026-05-01 09:21:00,2026-05-01 09:22:00,1,102.86,-1007.2,2026,632.5999999999996,-365.99999999999966
2026-05-01 09:35:00,2026-05-01 09:36:00,1,101.99,-1007.2,2026,632.5999999999996,-365.99999999999966
2026-05-04 10:20:00,2026-05-04 10:21:00,1,101.81,442.80000000000285,2026,676.2,-264.00000000000006
2026-05-05 10:48:00,2026-05-05 10:49:00,-1,102.08,442.80000000000285,2026,781.6,540.9999999999997
2026-05-05 11:26:00,2026-05-05 11:27:00,-1,102.32,442.80000000000285,2026,781.6,540.9999999999997
2026-05-05 12:28:00,2026-05-05 12:29:00,-1,102.11,442.80000000000285,2026,781.6,540.9999999999997
2026-05-06 10:43:00,2026-05-06 10:44:00,1,95.28,442.80000000000285,2026,757.4000000000001,-225.0
2026-05-06 13:31:00,2026-05-06 13:32:00,1,95.13,442.80000000000285,2026,757.4000000000001,-225.0
2026-05-07 10:04:00,2026-05-07 10:05:00,1,90.89,442.80000000000285,2026,834.6000000000004,-649.0000000000009
2026-05-07 13:25:00,2026-05-07 13:26:00,1,95.98,442.80000000000285,2026,834.6000000000004,-649.0000000000009
2026-05-08 10:31:00,2026-05-08 10:32:00,-1,95.53,442.80000000000285,2026,845.6000000000001,135.99999999999994
2026-05-08 13:48:00,2026-05-08 13:49:00,-1,95.62,122.80000000000966,2026,845.6000000000001,135.99999999999994
2026-05-11 11:19:00,2026-05-11 11:20:00,1,97.49,442.80000000000285,2026,795.0000000000002,-356.9999999999993
2026-05-13 10:01:00,2026-05-13 10:02:00,-1,103.02,442.80000000000285,2026,719.2000000000003,365.99999999999966
2026-05-15 10:42:00,2026-05-15 10:43:00,-1,100.12,-1007.2,2026,397.0000000000001,100.0
2026-05-18 09:43:00,2026-05-18 09:44:00,-1,99.71,442.80000000000285,2026,387.39999999999975,345.0000000000003
2026-05-18 10:31:00,2026-05-18 10:32:00,-1,101.42,-1007.2,2026,387.39999999999975,345.0000000000003
2026-05-21 11:46:00,2026-05-21 11:47:00,1,101.23,-1007.2,2026,483.19999999999953,-504.0000000000006
2026-05-21 13:00:00,2026-05-21 13:01:00,1,100.1,-1007.2,2026,483.19999999999953,-504.0000000000006
2026-05-21 13:11:00,2026-05-21 13:12:00,1,99.3,442.80000000000285,2026,483.19999999999953,-504.0000000000006
2026-05-21 13:17:00,2026-05-21 13:18:00,1,98.65,-1007.2,2026,483.19999999999953,-504.0000000000006
2026-05-21 13:45:00,2026-05-21 13:46:00,1,97.41,-1007.2,2026,483.19999999999953,-504.0000000000006
2026-05-21 13:52:00,2026-05-21 13:53:00,1,96.37,-37.20000000000114,2026,483.19999999999953,-504.0000000000006
2026-05-22 09:00:00,2026-05-22 09:01:00,1,96.61,-1007.2,2026,561.9999999999995,-95.00000000000028
2026-05-22 09:13:00,2026-05-22 09:14:00,1,95.99,442.80000000000285,2026,561.9999999999995,-95.00000000000028
2026-05-22 10:35:00,2026-05-22 10:36:00,1,97.43,442.80000000000285,2026,561.9999999999995,-95.00000000000028
2026-06-01 11:21:00,2026-06-01 11:22:00,1,93.96,-1007.2,2026,456.8000000000003,-78.9999999999992
2026-06-01 12:57:00,2026-06-01 12:58:00,1,93.0,-1007.2,2026,456.8000000000003,-78.9999999999992
2026-06-02 11:58:00,2026-06-02 11:59:00,-1,92.91,442.80000000000285,2026,493.6,396.9999999999999
2026-06-05 10:03:00,2026-06-05 10:04:00,1,90.9,442.80000000000285,2026,408.5999999999998,-284.00000000000034
2026-06-08 09:40:00,2026-06-08 09:41:00,1,90.66,442.80000000000285,2026,434.1999999999995,-256.9999999999993
2026-06-08 12:08:00,2026-06-08 12:09:00,1,91.41,-297.19999999999203,2026,434.1999999999995,-256.9999999999993
2026-07-08 10:36:00,2026-07-08 10:37:00,-1,75.64,442.80000000000285,2026,210.5999999999999,362.00000000000045
2026-07-10 10:32:00,2026-07-10 10:33:00,1,72.61,442.80000000000285,2026,290.80000000000007,-314.00000000000006
2026-07-14 11:42:00,2026-07-14 11:43:00,-1,79.57,442.80000000000285,2026,406.5999999999999,431.0000000000002
2026-07-22 09:43:00,2026-07-22 09:44:00,-1,86.72,442.80000000000285,2026,356.5999999999999,212.00000000000045
2026-07-27 12:26:00,2026-07-27 12:27:00,1,83.25,-637.1999999999955,2026,483.1999999999998,-207.99999999999983
2026-07-31 11:41:00,2026-07-31 11:42:00,1,84.98,-297.20000000000624,2026,459.79999999999984,-69.0000000000012
2026-08-03 10:11:00,2026-08-03 10:12:00,-1,79.32,-687.2000000000069,2026,473.0,287.99999999999955
2026-08-10 09:02:00,2026-08-10 09:03:00,1,79.42,442.80000000000285,2026,374.6,-109.00000000000034
2026-08-11 10:05:00,2026-08-11 10:06:00,-1,81.87,-1007.2,2026,409.0,387.99999999999955
2026-08-14 09:40:00,2026-08-14 09:41:00,1,80.88,442.80000000000285,2026,306.5999999999993,-149.0000000000009
2026-08-18 11:31:00,2026-08-18 11:32:00,-1,84.83,442.80000000000285,2026,286.39999999999975,242.00000000000017
2026-08-19 09:24:00,2026-08-19 09:25:00,-1,84.46,-1007.2,2026,245.59999999999962,32.00000000000074
2026-08-24 12:20:00,2026-08-24 12:21:00,-1,85.16,442.80000000000285,2026,248.00000000000006,37.000000000000455
2026-08-27 09:34:00,2026-08-27 09:35:00,-1,82.71,442.80000000000285,2026,333.5999999999998,79.99999999999972
2026-08-27 13:48:00,2026-08-27 13:49:00,-1,83.29,-697.1999999999978,2026,333.5999999999998,79.99999999999972
2026-09-21 09:10:00,2026-09-21 09:11:00,1,93.01,-1007.2,2026,423.40000000000026,-101.00000000000051
2026-09-22 10:39:00,2026-09-22 10:40:00,1,91.05,442.80000000000285,2026,455.6000000000002,-478.0000000000001
